-- phpMyAdmin SQL Dump
-- version 4.8.5
-- https://www.phpmyadmin.net/
--
-- Anamakine: 127.0.0.1
-- Üretim Zamanı: 05 May 2019, 10:49:36
-- Sunucu sürümü: 10.1.38-MariaDB
-- PHP Sürümü: 7.3.4

SET SQL_MODE = "NO_AUTO_VALUE_ON_ZERO";
SET AUTOCOMMIT = 0;
START TRANSACTION;
SET time_zone = "+00:00";


/*!40101 SET @OLD_CHARACTER_SET_CLIENT=@@CHARACTER_SET_CLIENT */;
/*!40101 SET @OLD_CHARACTER_SET_RESULTS=@@CHARACTER_SET_RESULTS */;
/*!40101 SET @OLD_COLLATION_CONNECTION=@@COLLATION_CONNECTION */;
/*!40101 SET NAMES utf8mb4 */;

--
-- Veritabanı: `merlinikazani`
--

-- --------------------------------------------------------

--
-- Tablo için tablo yapısı `alt_kategori`
--

CREATE TABLE `alt_kategori` (
  `alt_kategori_id` int(11) NOT NULL,
  `alt_kategori_ad` varchar(64) NOT NULL
) ENGINE=InnoDB DEFAULT CHARSET=utf8;

-- --------------------------------------------------------

--
-- Tablo için tablo yapısı `ana_kategori`
--

CREATE TABLE `ana_kategori` (
  `ana_kategori_id` int(11) NOT NULL,
  `ana_kategori_ad` varchar(64) NOT NULL,
  `renk` varchar(64) NOT NULL
) ENGINE=InnoDB DEFAULT CHARSET=utf8;

--
-- Tablo döküm verisi `ana_kategori`
--

INSERT INTO `ana_kategori` (`ana_kategori_id`, `ana_kategori_ad`, `renk`) VALUES
(1, 'Oyun', 'sari'),
(2, 'Etkinlik', 'kirmizi'),
(3, 'Bilim/Teknoloji', 'mavi'),
(4, 'Eğlence', 'yesil'),
(5, 'Galeri', 'beyaz'),
(6, 'Kazandan', 'renksiz');

-- --------------------------------------------------------

--
-- Tablo için tablo yapısı `anket`
--

CREATE TABLE `anket` (
  `anket_id` int(11) NOT NULL,
  `anket_ust_id` int(11) NOT NULL,
  `anket_soru` varchar(50) NOT NULL
) ENGINE=InnoDB DEFAULT CHARSET=utf8;

--
-- Tablo döküm verisi `anket`
--

INSERT INTO `anket` (`anket_id`, `anket_ust_id`, `anket_soru`) VALUES
(1, 1, 'Apex Legends, Battle Royale liderliğini sürdürür m');

-- --------------------------------------------------------

--
-- Tablo için tablo yapısı `anket_cevap`
--

CREATE TABLE `anket_cevap` (
  `cvp_id` int(11) NOT NULL,
  `anket_cvp_id` int(11) NOT NULL,
  `anket_cvp` varchar(75) NOT NULL,
  `cevap_sayi` int(11) NOT NULL
) ENGINE=InnoDB DEFAULT CHARSET=utf8;

--
-- Tablo döküm verisi `anket_cevap`
--

INSERT INTO `anket_cevap` (`cvp_id`, `anket_cvp_id`, `anket_cvp`, `cevap_sayi`) VALUES
(1, 1, 'Uzun süre lider kalır', 22),
(2, 1, 'Kısa sürede yıldızı söner', 12);

-- --------------------------------------------------------

--
-- Tablo için tablo yapısı `anket_kul`
--

CREATE TABLE `anket_kul` (
  `anket_kul_id` int(11) NOT NULL,
  `kul_id` int(11) NOT NULL,
  `anket_ust_id` int(11) NOT NULL
) ENGINE=InnoDB DEFAULT CHARSET=utf8;

--
-- Tablo döküm verisi `anket_kul`
--

INSERT INTO `anket_kul` (`anket_kul_id`, `kul_id`, `anket_ust_id`) VALUES
(1, 1, 1);

-- --------------------------------------------------------

--
-- Tablo için tablo yapısı `begeniler`
--

CREATE TABLE `begeniler` (
  `beg_id` int(11) NOT NULL,
  `beg_uye_id` int(11) NOT NULL,
  `beg_yrm_id` int(11) NOT NULL
) ENGINE=InnoDB DEFAULT CHARSET=utf8;

-- --------------------------------------------------------

--
-- Tablo için tablo yapısı `etiket`
--

CREATE TABLE `etiket` (
  `etiket_id` int(11) NOT NULL,
  `icerik_id` int(11) NOT NULL,
  `etiket_adi` varchar(50) NOT NULL
) ENGINE=InnoDB DEFAULT CHARSET=utf8;

--
-- Tablo döküm verisi `etiket`
--

INSERT INTO `etiket` (`etiket_id`, `icerik_id`, `etiket_adi`) VALUES
(1, 32, 'Russia 2055'),
(2, 32, 'PC'),
(3, 32, 'Bağımsız'),
(4, 32, 'Bağımsız'),
(5, 32, 'Aksiyon');

-- --------------------------------------------------------

--
-- Tablo için tablo yapısı `icerik`
--

CREATE TABLE `icerik` (
  `konu_id` int(11) NOT NULL,
  `yazar_id` int(11) DEFAULT NULL,
  `kategori_id` int(11) DEFAULT NULL,
  `kategori_alt_id` int(11) NOT NULL,
  `konu_baslik` varchar(128) DEFAULT NULL,
  `konu_altbaslik` varchar(128) DEFAULT NULL,
  `konu_icerik` text,
  `konu_pop` int(11) NOT NULL,
  `konu_hastag` varchar(256) NOT NULL,
  `konu_resim_url` varchar(256) DEFAULT NULL,
  `konu_tarih` date NOT NULL
) ENGINE=InnoDB DEFAULT CHARSET=utf8;

--
-- Tablo döküm verisi `icerik`
--

INSERT INTO `icerik` (`konu_id`, `yazar_id`, `kategori_id`, `kategori_alt_id`, `konu_baslik`, `konu_altbaslik`, `konu_icerik`, `konu_pop`, `konu_hastag`, `konu_resim_url`, `konu_tarih`) VALUES
(1, 1, 1, 1, 'Grafikleriyle dikkatleri çeken Russia 2055\'in demosu çıktı', 'Oyun hiç fena değil. ', '<p>Geçtiğimiz sene duyurulan ve küçük bir bağımsız geliştirici ekip tarafından geliştirilen <b>Russia 2055</b>\'ten yeni haber geldi. Oyunun geliştirme sürecinde büyük bir yol aldıklarını belirten geliştiriciler, oyunun sitesini güncelledi ve oyunun demosunu oyunculara sundu. Temelinde bir <b>FPS </b>oyunu olan<b> Russia 2055</b>, kıyamet sonrası bilim kurgu temasına sahip. Grafikleriyle dikkatleri üzerine çeken yapımın sistem gereksinimleri de yayınlanmış durumda. Yayınlanan sistem gereksinimlerine baktığımızda oyunun işlemci tarafında biraz yüksek seviyeli bir işlemciye ihtiyaç duyduğunu görüyoruz. Önümüzdeki sene çıkacağı tahmin edilen yapımın demosunu <b>5 dolar </b>karşılığında&nbsp;<a href=\"https://invictusvolition.itch.io/russia-2055\" target=\"_blank\">buradan</a> indirebilirsiniz.</p><p><b>Russia 2055 sistem gereksinimleri</b></p><p>- İşletim sistemi: 64-bit Windows 7, Windows 8.1 ve Windows 10<br>- İşlemci (AMD): AMD FX-8350<br>- İşlemci&nbsp;(Intel): Core i5 6600K<br>- Bellek: 8GB RAM<br>- Ekran kartı (NVIDIA): NVIDIA GeForce® GTX 1050 / NVIDIA GeForce® GTX 660 2GB<br>- Ekran kartı&nbsp;(AMD): AMD Radeon™ RX 560 / HD 7850 2GB<br>- DirectX: 11.0 destekli bir ekran kartı gerektiriyor<br>- Çevrimiçi oynamak için gereksinimler: 512 KBPS veya daha hızlı bir internet bağlantısı<br>- Gerekli sabit disk alanı: 50GB</p>', 7, '', '106286_640.jpg', '2019-03-18'),
(2, 1, 1, 1, 'No Man\'s Sky\'ın yeni büyük güncellemesine hazır olun!', 'Oyun büyük oranda değişecek. ', '<p>Geride bıraktığımız senelerde çıkan ve çıktığı sene söz verdiklerini yerine getiremeyen <b>No Man\'s Sky</b>, uzun bir süre boyunca gündemi meşgul etmişti. Bir türlü oyuncuları memnun edemeyen yapım, <b>Next </b>güncellemesine kadar maalesef oyuncuları kendine bağlayamamıştı. Ancak oyunun geliştiricisi <b>Hello Games</b>, söz verdiklerinin arkasında durdu ve duyurduğu bütün yenilikleri oyunculara sundu. Güncellemeleri ücretsiz bir şekilde oyunculara sunan geliştiriciler, Next güncellemesinde oldukça geniş bir çevrimiçi odaklı güncelleme getirmişti.</p><h2>No Man\'s Sky için büyük bir güncelleme geliyor!</h2><p>Şimdi ise <b>Hello Games</b>\'in odağında <b>No Man\'s Sky</b> evrenini daha büyütmek var. Oyun için Next güncellemesinin ardından <b>Beyond </b>güncellemesini duyuran geliştiriciler, tahminlere göre No Man\'s Sky\'a <b>MMORPG </b>mekaniklere ekleyecek. Oyuncuları daha fazla bir araya getirecek olan bu güncelleme sonrasında No Man\'s Sky\'ın oyun sonu içerikleri oldukça artacak. Belirtilenlere göre güncellemeyle birlikte gezegenlerde yeni atmosfer olayları bizi bekliyor olacak. Sert iklime sahip gezegenlerde değerli madenler bulabileceğiz. Ayrıca gezegenlerdeki gökyüzü yapısı da rastgele olarak değişecek.</p><p>Bakalım oyunun geliştiricileri, bu kez oyuncuları kendini affettirebilecek mi? Hep beraber göreceğiz.</p>\r\n', 5, '', '106285_640.jpg', '2019-03-17'),
(3, 1, 1, 1, 'Derecelendirme şirketi Castlevania Collection sürümünü listeledi', 'Tüm Castlevania oyunları bir pakette ', '<p>Derecelendirme şirketi <b>Castlevania Collection</b> sürümünü listeledi. Bir süredir P.E.S dışında sesi sedası çıkmayan bir dönemin en büyük oyun şirketleri arasında yer alan<b> Konami Castlevania</b> markasının da isim haklarını elinde bulunduruyor.&nbsp;Avustralya Sınıflandırma Kurulu’nca yapılan son başvuruya göre, Konami, Castlevania Anniversary Collection adında çok platformlu bir oyun için başvuru yaptı.</p><h2>Derecelendirme şirketi Castlevania Collection sürümünü listeledi</h2><p>Yapılan listelemede çok fazla ayrıntı paylaşılmamış olmakla birlikte, oyunda hafif fantezi temaları, şiddet öğeleri ve PG yaş sınırı bulunuyor. İlk Castlevania sürümünüden bu yana 33 ııl geride kaldı. NES için yayınlanan ilk <b>Castlevania 26 Eylül 1986</b> yılında yayınlanmıştı.&nbsp;Castlevania Collection sürümü için bir çakış tarihi bilgisi henüz yok.&nbsp;Castlevania Collection adlı pakette hangi oyunların yer alacağı bilinmiyor. Tabii bu listeleme sadece bir marka yer tutma çalışması da olabilir. Son yıllarda Netflix\'te yayınlanan Castlevania animesi ile birlikte,&nbsp;Castlevania markasının bilinirliği biraz daha artmış gibi görünüyor. Netflix&nbsp;Castlevania oyunlarından uyarlanan anime serisinin üçüncü sezonu için de onay vermişti. Konami bu yeni akımdan yararlanmak isteyecektir.&nbsp;</p>\r\n', 2, '', '106284_640.jpg', '2019-03-17'),
(4, 1, 1, 2, 'Dövüş oyunu Dead or Alive 6\'nın ücretsiz sürümü yayınlandı', 'Dövüş oyunu sevenler için güzel haber. ', '<p>Grafikleriyle dikkatleri üzerine toplayan <b>Dead or Alive 6</b>, geçtiğimiz günlerde sevenlerinin karşısına çıktı. <b>PlayStation 4, Xbox One</b> ve <b>PC </b>platformları için piyasaya çıkan yapım, karakter kadrosuyla göz dolduruyor. Beşinci oyunun üzerine pek fazla bir şey koyamayan yapım, inceleme notlarında pek yüksek puan alamamıştı. Fakat geliştiriciler şimdi beşinci oyunda olduğu gibi yeni oyunun ücretsiz sürümünü piyasaya sürecek.&nbsp;<b>Dead or Alive 6: Core Fighters</b> adını alan versiyonda 4 adet oynanabilir karakter olacak. Birçok oyun modunu <b>ücretsiz </b>yapan geliştiriciler, bu dört karakterin devamlı olarak değişeceğini söylüyor. Geliştirici ekibin açıklamasına göre eğer oyuncular başka karakter açmak isterse, ücret ödeyerek yeni karakterlere erişebilecek.</p><p>PSN, Xbox Store ve Steam üzerinde yayınlanan oyunun sistem gereksinimleri ise şu şekilde;</p><p><b>Dead or Alive 6: Core Fighters&nbsp;6 Minimum sistem gereksinimleri</b></p><p>İşletim Sistemi: Windows 7 64-bit<br>CPU: Intel Core i5-4690 3.5 GHz veya AMD FX-8370 4.1 GHz<br>RAM: 8 GB sistem belleği<br>GPU RAM: 2 GB Video belleği<br>GPU: GeForce GTX 770 veyaRadeon R9 280X<br>DX: DirectX 11<br>HDD: 50 GB gerekli alan</p><p><b>Dead or Alive 6: Core Fighters&nbsp;Önerilen sistem gereksinimleri</b></p><p>İşletim Sistemi: Windows 10 64-bit<br>CPU: Intel Core i7-8700 3.2 GHz veya AMD Ryzen 7 2700 3.2 GHz<br>RAM: 16 GB sistem belleği<br>GPU RAM: 6 GB Video belleği<br>GPU: Nvidia GeForce GTX 1060 6GB veya AMD Radeon RX 580 8GB<br>DX: DirectX 12<br>HDD: 50 GB gerekli alan</p>\r\n', 2, '', '106281_640.jpg', '2019-03-17'),
(5, 1, 1, 2, 'Mortal Kombat 11\'in hikayesinin uzunluğu oyuncuları memnun etmeyebilir', 'Oyun nasıl olacak? ', '<p>Bu senenin en iddialı dövüş oyunlarından bir tanesi olan <b>Mortal Kombat 11</b>, <b>23 </b>Nisan tarihinde sevenlerinin karşısına çıkacak. Hikaye açısından dokuzuncu oyundan bu yana ortaya güzel bir iş koyan geliştiriciler ise yeni oyunda yine ilgi çekici bir senaryoyla karşımıza çıkacak. Ancak bu senaryonun uzunluğu, sıkı <b>Mortal Kombat </b>takipçilerini memnun etmeyebilir. Geçtiğimiz günlerde oyunun hikayesinin <b>8 saat</b> süreceğini açıklayan geliştiriciler, bu sürenin hikaye için yeterli olduğunu düşünüyorlar. Dövüşleri sinematik sahnelerle süsleyen geliştiriciler, oynaması güzel bir hikaye sunabiliyor. Dokuzuncu oyunda hikaye uzunluğu açısından sevenlerini tatmin eden <b>NetherRealm</b>, onuncu oyunda hikaye pek fazla uzun olmadığı için oyuncuları üzmüştü.</p><h2>Mortal Kombat 11 hikaye modu uzunluğu</h2><p>Şimdi ise yeni oyunun hikaye uzunluğunun 8 saat olarak açıklanmasından sonra bazı oyuncular geliştiricilere kızdı. <b>Twitter </b>ve <b>Reddit </b>forumları üzerinden oyunun daha uzun olmasını dile getiren oyuncular, umarız oyun çıktığında hikayeden memnun kalır.</p><p>Yeni oyunda <b>Kronika </b>isimli zaman büken savaşçıya karşı mücadele edeceğiz. <b>PS4, Xbox One, Switch </b>ve <b>PC </b>platformlarına çıkacak olan oyunu ön sipariş yaparsanız <b>Shao Kahn </b>karakterine erişebilirsiniz.</p>\r\n', 1, '', '106280_640.jpg', '2019-03-17'),
(6, 1, 1, 1, 'En çok şikayet edilen hata M&B II: Bannerlord\'da düzeliyor', 'Beklenen özellik Mount & Blade II: Bannerlord\'a eklendi ', '                                    <p><b>Mount &amp; Blade II: Bannerlord</b>\'da oyuncuların en çok şikayet ettiği hatalardan biri sonunda düzeliyor.&nbsp;Mount &amp; Blade serisini yakından takip eden oyuncuların bildiği üzere, karakterimiz at üstündeyken atın dizginini tutmaz, daha çok tutar gibi yapardı. At üstünde cenk ederken ya da dört nala koştururken, atın dizginini tutmadan adeta Cüneyt Arkın edasıyla atın üstünde durmak her ne kadar havalı görünse de çok da gerçekçi görünmüyordu. Taleworlds geliştirici ekibi gelen yüzlerce yorum sonucunda bu göze hoş gelmeyen hatayı düzeltmiş. Artık karakterimiz atın dizginini tutuyor!</p><h2>Mount &amp; Blade II: Bannerlord ne zaman çıkacak?</h2><p><b>Mount &amp; Blade II: Bannerlord</b>\'da artık atın üzerine farklı eğer ve zırhlar da takabileceğiz. Taleworlds eğer ve zırh çeşitliliği konusunda oyuncuların yüzünü güldürmeyi hedefliyor. Yapımcı firma at fiziği ve karakter fiziği konusunda oldukça gelişme kat etti. Yeni kumaş fiziği ile birlikte, Atların yeleleri ve kuyruklarındaki hareketlilik Atların dizginlerinde de  kullanılmış ve ortaya gerçekçi görünen bir animasyon çıkmış. Geliştirici günlüklerinde yayınlanan yeni dizgin fiziği giflerine <a href=\"https://steamcommunity.com/games/261550/announcements/detail/1797406038079052327\">buradan </a>bakabilirsiniz.&nbsp;</p>', 1, '', '106278_640.jpg', '2019-03-17'),
(7, 1, 1, 2, 'PAX East etkinliğinde duyurulacak oyun Borderlands 3 olmayabilir', 'Borderlans 3 duyurulacak mı duyurulmayacak mı? ', '                                    <p><b>Borderlands 3</b>, Gearbox\'ın<b> PAX East </b>etkinliğinde duyurulmayabilir.&nbsp; 28 Mart 2019, 31 Mart 2019&nbsp; tarihleri arasında düzenlenecek olan PAX East etkinliğinde Borderlands\'i geliştiren Gearbox\'ın sürpriz duyuruları olacağını biliyoruz. Gearbox resmi twitter hesabı üzerinden bazı paylaşımlar yaparak oyuncuların ilgisini PAX East etkinliğindeki sunuma çekmek istiyor. Gearbox\'ın twitter hesabı üzerinden yayınlanan byeni bir görsel pek de Borderlands 3\'e aitmiş gibi görünmüyor.</p><h2>Borderlands 3 ne zaman çıkacak?</h2><p><b>PAX East</b> etkinliğinde <b>Gearbox</b>\'ın birden fazla duyuru yapacağı açıklanmıştı. Firmanın resmi twitter hesabından paylaşılan yeni bir görsel heyecan yaratmış ve <b>Borderlands 3</b> söylentilerine sebep olmuştu. Yeni paylaşılan görsel farklı yorumların yapılmasına sebep oldu. Görselde Borderlands 2\'ye ait olan bir bölge göze çarpıyor. Yeni duyurunun Borderlands 2 ile ilgili olma ihtimali üzerinde duruluyor. Ya da Borderlands 3, Borderlands 2 ile aynı bölgelerde geçecek. Sadece bir görselden tahmin yapmak zor. Gearbox\'ın da ilgiyi çekmek için gizem yarattığı bir gerçek. Bakalım PAX East etkinliğinde duyurulacak oyun ne olacak. Biz de merakla bekliyoruz.&nbsp;</p><p></p><figure><img alt=\"PAX East etkinliğinde duyurulacak oyun Borderlands 3 olmayabilir\" class=\"image\" src=\"https://www.merlininkazani.com/images/games/8801/Borderlands-3_3.jpg\"></figure><p></p>', 1, '', '106276_640.jpg', '2019-03-18'),
(8, 1, 1, 3, 'Fade to Silence\'ın tam sürüme geçeceği tarih belli oldu', 'Oyunu bekleyenler için güzel haber. ', '                                    <p>Geçtiğimiz senelerde erken erişime giren dikkat çekici oyun <b>Fade to Silence</b>, nihayet tam sürüme <b>30 Nisan </b>tarihinde geçiş yapıyor. Hikaye odaklı bir oyun olan Fade to Silence, kıyamet sonrası bir dünyada geçiyor. Aksiyon sahneleriyle oyuncuları heyecanlandıran ve bazı açılardan <b>Dark Souls </b>serisine de benzeyen yapım, hayatta kalma öğeleri de içeriyor.</p><h2>Fade to Silence\'ın tam sürüme geçiyor</h2><p>Keşif yönünden zevkli olan <b>Fade to Silence</b>, buzla kaplanmış bir arazide geçiyor. Grafikleriyle de dikkat çeken oyun, <b>110 TL</b>\'ye satılıyor. PC platformun yanında konsol platformuna da geleceğini tahmin ettiğimiz Fade to Silence\'ın sistem gereksinimleri şu şekilde;</p><p>MİNİMUM:</p><p>64-bit işlemci ve işletim sistemi gerektirir<br>İşletim Sistemi: Windows 7/8/10 64bit<br>İşlemci: Intel Core i5-2400/AMD FX-8320 veya daha iyisi<br>Bellek: 8 GB RAM<br>Ekran Kartı: NVIDIA GeForce GTX 760 veya AMD Radeon R9 270 (2gb veya daha fazlası)<br>Depolama: 30 GB kullanılabilir alan</p><p>ÖNERİLEN:</p><p>64-bit işlemci ve işletim sistemi gerektirir<br>İşletim Sistemi: Windows 10 64bit<br>İşlemci: Intel Core i7-3770/AMD FX-8350 veya daha iyisi<br>Bellek: 12 GB RAM<br>Ekran Kartı: NVIDIA GeForce GTX 1060 veya AMD Radeon RX 480<br>Depolama: 30 GB kullanılabilir alan</p>', 1, '', '106275_640.jpg', '2019-03-18'),
(9, 1, 1, 3, 'Hayatta kalma oyunu Green Hell\'den erteleme haberi geldi', 'Yapımcı firma oyun motorunu değiştirdi ', '                                    <p><b>Green Hell</b> <b>2019 </b>yazına ertelendi. Daha önce<b> Dying Light</b> ve <b>Dead Island</b> projelerinde çalışmış geliştiricilerin kurduğu, Creepy Jar Studio tarafından geliştirilen hikaye odaklı hayatta kalma oyunu Green Hell\'den erteleme haberi geldi.&nbsp; 29 Ağustos 2018\'de Steam\'de erken erişime giren oyun grafikleri ve gerçekçi oynanış mekanikleri ile dikkat çekiyordu. Yapımcı firma yeni bir grafik motoruna geçtiklerini ve hikaye modunu daha fazla cilalamak istedikleri için oyunu ertelediklerini duyurdu.&nbsp;</p><h2>Hayatta kalma oyunu Green Hell\'in çıkış tarihi 2019 yazına ertelendi</h2><p>Yapımcı firma Steam üzerinden yayınladıkları blogda erteleme haberi ile ilgili olarak şu açıklamayı yaptı;&nbsp;</p><p>\"Desteğiniz için hepinize teşekkür ederek başlamak istiyoruz, Green Hell siz olmadan çok anlamsız olurdu. Şeffaflık adına,<b> Green Hell</b>\'in tamamını yayınlamak için fazladan zamana ihtiyacımız olduğunu bilmenizi isteriz. Daha iyi grafikler ve daha iyi bir deneyim sunmak için <b>Unity 2017</b>\'den<b> Unity 2018</b>\'e geçmeye karar verdik. Bu aynı zamanda hikaye modunun potansiyelini tam olarak anlamamıza, büyük bir harita genişletmesi eklemenize, yeni düşmanlar eklememize, geri bildirimlerinizi uygulamamıza ve daha pek çok şeye yardımcı olacak. Yeni çıkış tarihimiz <b>2019 Yaz.</b>\"</p>', 1, '', '106274_640.jpg', '2019-03-18'),
(10, 1, 16, 1, 'Sınav döneminde PUBG Mobil oynayan oyuncular tutuklanıyor', 'PUBG Mobil oynamak suç oldu! ', '                                    <p><b>PUBG Mobile</b> oynayan öğrenciler göz altına alınıyor. <b>Hindistan</b>\'da gerçekleşen olayda, <b>Rajkot </b>şehrinde sınav döneminde PUBG Mobile oynadıkları gerekçesiyle öğrenciler, Hint Polisi tarafından göz atlına alındı. Gucerat Eyaleti\'nin belirli yerlerinde oynaması yasak olan PUBG Mobile, <b>MOMO </b>ile birlikte gençlere kötü örnek olduğu gerekçesiyle yasaklı bulunuyor. Rajkot\'da gerçekleşen yasaklamanın ardından 10\'dan fazla kişinin PUBG Mobile oynadıkları gerekçesiyle göz altına alındıkları bildirildi.&nbsp;</p><h2>Sınav döneminde PUBG Mobil oynayan oyuncular tutuklanıyor</h2><p><b>The Indian Express</b>\'e konuşan polis komiseri Manoj Agrawal şu ana kadar toplam 12 davanın kayda geçirildiğini, tutuklanan şahısların yasaklara uymadıkları gerekçesiyle mahkemeye çıkartılacağını belirtti.&nbsp;&nbsp;Rajkot Özel Harekat Polisi, <b>The Indian Express</b>\'e dün polis merkezinin yakınında üç genç adamı tutukladığını söyledi. Polis, erkeklerin cep telefonlarını “soruşturma amacıyla” ele geçirdi. Tutuklananların kefaletle serbest bırakılma ihtimalleri de bulunuyor.&nbsp;</p><p><b>PUBG Mobile</b>\'ın&nbsp; Rajkot\'ta&nbsp; 9 ila 30 Mart tarihleri arasında yasaklı olarak kalacağı belirtiliyor.&nbsp; Akademik sınav döneminde uygulanan yasaklama sonucunda, öğrencilerin sınavlara konsantre olması sağlanmaya çalışılıyor. Ancak göz altına alınan öğrencilerin sınavlara nasıl hazırlanacakları ise merak konusu.&nbsp;</p><p></p><figure><img alt=\"Sınav döneminde PUBG Mobil oynayan oyuncular tutuklanıyor\" class=\"image\" src=\"https://www.merlininkazani.com/images/games/11778/Playerunknowns-Battlegrounds_39.jpg\"></figure><p></p>', 3, '', '106272_640.jpg', '2019-03-17'),
(11, 1, 1, 2, 'Total War: Three Kingdoms için sistem gereksinimleri yayınlandı', 'Oyun, bilgisayarınız için yeterli mi? ', '<p>Total War serisinini yeni oyunu <b>Total War: Three Kingdoms</b>\'ı bekleyen oyuncular için sistem gereksinimleri yayınlandı. PC platformunun gözde strateji serilerinden bir tanesi olan <b>Total</b> <b>War</b>, beklendiği gibi pek yüksek bir sistem istemeyecek. 23 Mayıs tarihinde çıkacak olan yapım, ertelenmeler yüzünden takipçilerini üzmüştü. Oyunun nihayet piyasaya çıkması, Total War serisine hayran oyuncuları mutlaka sevindirecek. Diğer bir yandan geliştirici ekibin Total War haricinde yeni bir FPS oyunu üzerinde de çalıştığını belirtelim.</p><h2>Total War: Three Kingdoms sistem gereksinimleri</h2><p>PC Minimum gereksinimler (Entegre)</p><p>İşletim sistemi: Windows 7 64 Bit<br>İşlemci: i7-8550U 1.80GHz<br>RAM: 6GB<br>Ekran kartı: Intel UHD Graphics 620</p><p>PC Minimum gereksinimler</p><p>İşletim sistemi: Windows 7 64 Bit<br>İşlemci: Intel Core 2 Duo 3.00Ghz<br>RAM: 4GB<br>Ekran kartı: GTX 650 Ti | HD 7850 1GB VRAM</p><p>PC Önerilen gereksinimler</p><p>İşletim sistemi: Windows 10 64 Bit<br>İşlemci: Intel i5-6600 | Ryzen 5 2600X<br>RAM: 8GB<br>Ekran kartı: GTX 970 | R9 Fury X 4GB VRAM</p><p>PC 60 FPS+ gereksinimleri</p>İşletim sistemi: Windows 10 64 Bit<br><p>İşlemci: Intel® Core™ Intel i7-8700K<br>RAM: 8GB<br>Video Card: NVIDIA GeForce GTX 1080 | NVIDIA GeForce RTX 2060</p>', 6, '', '106271_640.jpg', '2019-03-17'),
(12, 1, 1, 1, 'DMC 5\'e gelecek olan Bloody Palace\'ın çıkış tarihi açıklandı', 'Beklenen mod yakında bizlerle!', '                                    <p>Bu senenin en iyi aksiyon oyunlarından bir tanesi olan <b>Devil May Cry 5</b>, sahip olduğu oynanış mekanikleri sayesinde oyuncuları kendine bağlamayı başardı. <b>Dante, Nero</b> ve <b>V </b>karakterlerini oyuna oynanabilir olarak ekleyen geliştiriciler, oyuna ücretsiz olarak getirilecek Bloody Palace\'ın çıkış tarihini açıkladı. Capcom tarafından açıklanan bilgiye göre <b>Bloody Palace </b>güncellemesi, <b>1 Nisan </b>tarihinde Devil May Cry 5 için çıkacak. Eski oyunlarda da bulunan Bloody Palace modu, bölümlerden meydana geliyor. Her bir bölümde zorlu düşmanları öldürerek kendimizi test ediyoruz. Devil May Cry 5\'in <b>kombo </b>sistemini seven oyuncuların tercih ettiği Bloody Palace bölümlerinin en sonunda Bloody Palace\'ın tepesine çıkıp modu bitirebiliyoruz. Fakat bu modun göründüğü kadar kolay olmadığını belirtelim.</p><h2>Devil May Cry 5\'in Bloody Palace modu ne zaman çıkacak?</h2><p>Her bölümde düşman zorluğunun artmasının yanı sıra oynadığınız karakterin kombolarını çok iyi bilmeniz gerekiyor. Diğer bir yandan <b>Bloody Palace </b>güncellemesiyle birlikte oyuna yeni bir oynanabilir karakterin daha geleceği tahmin ediliyor. Eğer hikayede ilerlediyseniz, bu karakterin kim olduğunu rahatlıkla tahmin edebilirsiniz.</p>', 1, '', '106268_640.jpg', '2019-03-17'),
(13, 1, 1, 1, 'Bioware düzelemeyen Anthem için oyunculardan özür diledi', 'Anthem güldürmedi ', '                                    <p><b>Bioware</b>, Anthem için oyunculardan özür diledi. Son yılların Fallout 76 ile birlikte en sorunlu çıkışlarından birini gerçekleştiren <b>Anthem</b>, oyuncuların yüzünü bir türlü güldüremedi. Gelen yamalar da oyunu düzeltmekten çok bozunca, Bioware bu yaşananlar için oyunculardan özür diledi.&nbsp; &nbsp;</p><h2>Anthem için performans yaması gelecek mi?</h2><p><b>Mass Effect</b> serisi ile oyuncuların gönlüne taht kuran <b>Bioware</b>, Anthem ile bu yerini biraz sallamış gibi görünüyor. Oyundaki performans ve bekleme ekranında takılıp kalma gibi sorunların yanı sıra, içerik konusunda da pek çok oyuncu Anthem\'dan memnun kalmış görünmüyor. Zırh çeşitliliği, silah çeşitliliği menü tasarımı gibi basit konularda bile Anthem oyuncuların isteklerini karşılayamadı. Bioware ekibinden Anthem geliştiricisi Ben Irving, Anthem\'da yaşanan sorunlarım tüm sorumluluğunu üstlenerek şu açıklamayı yaptı; \"Özür diliyorum. Yaşanan tüm kötü oyuncu deneyimi tamamen benim sorumluluğumda.\" Bioware gelecek yeni büyük çaplı yama için çalıştıklarını açıkladı. Bakalım yeni yama Anthem\'ın çözülemeyen sorunlarını tamir edebilecek mi. Anthem <b>22 Şubat 2019</b>\'da PC, PlayStation 4 ve Xbox One için yayınlanmıştı.&nbsp; &nbsp;&nbsp;</p>', 1, '', '106267_640.jpg', '2019-03-17'),
(14, 1, 1, 2, 'Rainbow Six Siege\'in droneları TSK tarafından gerçeğe dönüştürüldü', 'Türk mühendisler tarafından geliştirilen yeni drone, oyuncuların dikkatini çekti. ', '                                    <p>Taktiksel FPS denince akla gelen ilk oyun olan <b>Rainbow Six Siege</b>, günden güne oyuncu sayısını büyütmeye devam ediyor. Ubisoft\'un ortaya koyduğu en iyi rekabetçi oyunların arasında yer alan yapıma ise devamlı olarak yeni içerik getirilerek, oyun canlı tutuluyor.</p><h2>Rainbow Six Siege\'in droneları TSK tarafından gerçeğe dönüştürüldü</h2><p>Ancak şimdi ise geçtiğimiz gün <b>TSK (Türk Silahlı Kuvvetleri) </b>tarafından yayınlanan videoda, Türk ordusunun envanterine giren yeni bir ürün<b> Rainbow Six Siege</b> oyuncularının dikkatini çekti. Rainbow Six Siege\'de sıkça kullandığımız drone, Türk mühendisler tarafından tamamen yerli olarak üretildi ve TSK envanterine eklenecek. Benzer drone modellerini ise <b>Recon Robotics </b>tarafından geçtiğimiz yıllarda görmüştük. NATO\'nun envanterine Recon Robotics tarafından eklenen bu drone\'lar, Rainbow Six Siege\'in önemli bir oynanış mekaniğine ilham olmuştu.</p><p>Fakat oyunda da bulunan bu drone\'ların, görünüş olarak benzerlerinin <b>TSK </b>envanterinde yüzde yüz yerli olarak bulunması, bizleri sevindirdi. Gerçek hayatta orduların kullandığı araçları ve gereçleri kendi oyununa ekleyen <b>Ubisoft</b>, bu ürünlerden ilginç oynanış mekanikleri ortaya çıkartabiliyor. Bakalım ilerleyen dönemlerde <b>Rainbow Six Siege</b>\'e gerçek hayatta kullanılan başka hangi ürünler eklenecek?</p>', 1, '', '106266_640.jpg', '2019-03-17'),
(15, 1, 1, 1, 'Steam\'de 49 TL\'ye satılan oyun Humble Bundle\'da ücretsiz oldu', 'Grid 2 bedava oldu ', '                                    <p><b>Grid 2 </b>bedava oldu. <b>Steam</b>\'de <b>49 </b>TL\'ye satılan yarış oyunu Grid 2 <b>Humble Bundle</b> Store\'da <b>ücretsiz </b>oldu. Genişleme paketleri ile birlikte 279 TL\'ye satılan Grid 2 sınırlı bir süre için Humble Bundle\'da ücretsiz oldu. Grid 2\'yi ücretsiz olarak Steam kütüphanenize eklemek istiyorsanız <a href=\"https://www.humblebundle.com/store/grid2-spa-bathurst?hmb_source=humble_home&amp;hmb_medium=product_tile&amp;hmb_campaign=mosaic_section_1_layout_index_1_layout_type_twos_tile_index_1\" target=\"_blank\">buraya </a>tıklayabilirsiniz. Humble Bundle üyeliği açmanız ya da üyeliğiniz varsa giriş yapmanız gerekiyor.&nbsp;</p><h2>Grid 2 ücretsiz oldu</h2><p>Humble Bundle ücretsiz oyun kampanyalarına bir yenisini daha ekledi. Sevilen yarış oyunu Grid 2 kısa bir süreliğine ücretsiz oldu. Grid 2 PC <b>sistem gereksinimleri </b>ise şöyle;</p><h2>Grid 2 PC Sistem Gereksinimleri</h2><p>MİNİMUM&nbsp;</p><p>OS: Windows Vista, Windows 7, Windows 8<br>Processor: Intel Core 2 Duo @ 2.4Ghz or AMD Athlon X2 5400+<br>Memory: 2 GB RAM<br>Hard Disk Space: 15 GB HD space <br>Video Card: Intel HD Graphics 3000 / AMD HD2600 / NVIDIA Geforce 8600<br>DirectX®: 11</p><p>Önerilen<br></p><p>OS: Windows Vista 64 Bit, Windows 7 64 Bit, Windows 8 64 bit<br>Processor: Intel Core i7/AMD Bulldozer<br>Memory: 4 GB RAM<br>Hard Disk Space: 15 GB HD space <br>Video Card: Intel Graphics 5200 / AMD HD6000 Series / Nvidia GTX500 Series minimum 1GB RAM<br>DirectX®: 11Additional:&nbsp;<br></p>', 1, '', '106263_640.jpg', '2019-03-17'),
(16, 1, 1, 2, 'Hearthstone\'un yeni genişleme paketi Rise of Shadows duyuruldu', 'Yeni kartlar ve yeni mekanikler geliyor! ', '                                    <p>Blizzard\'ın en çok oynanan yapımlarından biri olan <b>Hearthstone: Heroes of Warcraft</b>\'ın yeni genişleme paketi&nbsp;<b>Rise of Shadows</b> duyuruldu. Bu genişleme paketi ile birlikte oyuna her zaman olduğu gibi <b>135 kart eklenecek. </b>Ayrıca bu paket ile birlikte oyunun metasına da yeni dinamikler eklenecek.</p><h2>Hearthstone\'un yeni genişleme paketi Rise of Shadows duyuruldu</h2><p>Blizzard daha önce yaptığı açıklamada 2019 yılı için çıkacak genişleme paketlerinde farklı bir hikaye işleyişi yapacaklarını duyurmuştu. Bu duyuruya göre hikaye içerikleri tüm yıla yayılacaktı. İşte Rise of Shadows paketi bu hikaye içeriğinin ilk ayağını da içerisinde barındıracak. Blizzard\'ın konu ile ilgili yaptığı açıklama ve genişleme paketi detayları ise şu şekilde;</p><p><b>9 Nisan’dan itibaren</b> oyunseverler, yeni eklenti paketi <b>Rise of Shadows</b>&nbsp;’da bu kez kötülerin safında yer alma fırsatı elde edecek ve 135 yeni karttan oluşan desteleriyle, ilk kez yıl boyunca sürecek bir hikaye örgüsünün parçası olacaklar.</p><p><b>League of Explorers</b> karşısında yenilgiye uğrayan Baş Hırsız Rafaam’ın Azeroth üzerindeki sinsi planları, tek başına yürütülemeyecek kadar ikircikli bir hal almış durumda. Yenilgisinin üzerinden geçen yıllar boyunca gölgeler arasına sinip bekleyen ve doğru zamanı kollayan Baş Hırsız, Hearthstone ‘un bu zamana kadar gördüğü en azılı düşmanları yanına çekmeyi başararak League of E.V.I.L. takımını kurdu. King Togwaggle, Madam Lazul, Dr. Boom ve Cadı Hagatha gibi birbirinden belalı isimlerden oluşan ekip, alçak planlarını gerçekleştirmek için harekete geçecek ve bel altı vurmayı seven Hearthstone oyuncularına birbirinden sinsi alternatifler sunacaklar.</p><p>“Hearthstone’da oyunu sevenlerin favorisi haline gelmiş bir dizi kötü adamımız var ve Rise of Shadows’un tamamen bu karakterler ekseninde döndüğünü görmek gerçekten heyecan verici,” diyen <b>Blizzard Entertainment başkanı J. Allen Brack</b>, sözlerini “Oyunseverlerin yeni eklenti paketimizle gelen şeytani kartları denemeleri için sabırsızlanıyoruz,” şeklinde sürdürdü.</p><p>Yalnız kartlarını League of E.V.I.L’den yana kullanacak oyuncuların tetikte olmalarında fayda var çünkü karşılarında her an Defenders of Dalaran olarak bilinen gizemli grubu bulabilirler. Kendilerini tamamen kötülükle savaşmaya adamış olan bu grup, söylentiye göre Twinspells olarak adlandırılan büyülere sahipler. Rivayete göre bu büyüler, yapıldıktan hemen sonra kendilerini kopyalıyorlar ve oyun esnasında ileriki bir turn’de yeniden kullanılabiliyorlarmış. Biz de görenlerin yalancısıyız. Esrarengiz grup Defenders of Dalaran ile ilgili detaylı bilgiler ortaya çıktıkça sizinle paylaşmaya devam edeceğiz.</p><p>9 Nisan’da Windows®, Mac® ve PC’lerin yanı sıra Windows, iOS, Android™ tabletler ve telefonlara gelecek olan Rise of Shadows kart paketlerini, Hearthstone’un Arena modunda kazanabileceğiniz gibi, oyun içi altın ya da gerçek parayla da satın alabileceksiniz. Bu paketlerin fiyatı oyundaki diğer paketlerle aynı olacak.<br></p><p>Bugünden başlayarak 9 Nisan’a kadar sürecek ön satış döneminde ise çok özel iki Rise of Shadows kart paketi sizleri bekliyor. 50 karttan oluşan ön satış paketi, random bir Legendary kart ve Jewel of Lazul kart sırtı içeriyor. 80 kartlık Mega Bundle’da ise random bir altın Legendary kart ve Jewel of Lazul kart sırtının yanında yepyeni bir Priest hero olan esrarlı Madam Lazul’a sahip olacaksınız.<br></p>', 1, '', '106256_640.jpg', '2019-03-17'),
(17, 1, 1, 1, 'Battlefield 5\'in Battle Royale moduna ait harika bir video yayınlandı', ' Firestorm için yayınlanan sinematik video çok iyi duruyor. ', '                                    <p><b>Battle Royale</b> modunu rakiplerine göre daha genç oyuncuların karşısına sunan <b>Battlefield 5</b> adına yeni bir video daha yayınlandı. Oyunun Battle Royale modu olan<b> Firestorm</b>\'a ait olan sinematik video harika duruyor. Oyunda yapabileceklerimize ışık tutan yeni videoda takım çalışmasının oldukça önemli bir faktör olduğu gözlerimizden kaçmadı. Battlefield 5\'e sahip kullanıcılara <b>ücretsiz </b>olarak sunulacak olan Battle Royale modu, umarız bizlere tamamen yıkılabilir bir harita sunabilir. Diğer bir yandan daha öncesinde Firestorm\'a ait sızdırılan videoda helikopter kullanımı oyuncuların dikkatini çekmişti. <b>EA Games </b>tarafından yayınlanan yeni videoda ise yine helikopter kullanımı gösterilmiş.</p><h2>Battlefield 5\'in Battle Royale moduna ait ilk video yayınlandı</h2><p>Son dönemin gözdesi olan<b> Apex Legends</b>\'a karşı sağlam bir rakip olacağı tahmin edilen <b>Battlefield 5</b>, kendi çekirdek kitlesiyle birlikte Firestorm modunu gündeme taşıyacaktır.&nbsp;Silahları oyun içerisinde derecelendiren <b>Battlefield 5</b>\'in Battle Royale modu, diğer oyunlarda olduğu gibi sınırlı bir envanter kullanımı sunacak. <b>Apex Legends</b>\'ta olduğu gibi oyuncuları yeniden diriltme sistemini oyuna koymayan geliştiriciler, bakalım <b>Battle Royale </b>pazarında başarı sağlayabilecekler mi? Battlefield 5\'in Battle Royale modu olan <b>Firestorm </b>ise <b>25 Mart</b> tarihinde çıkacak.</p>', 4, '', '106262_640.jpg', '2019-03-17'),
(18, 1, 1, 1, 'Uyurken internette gezebileceğiniz oyun yapıldı', 'Bağımsız oyun geliştiricilerinden ilginç fikir. ', '                                    <p>Video oyun kanadında bağımsız sektörü günden güne gelişip, oyuncuların karşısına farklı oyunlarla çıkıyor. Şüphesiz, bağımsız oyun sektörü olmasaydı, çok farklı temalarda oyunlarla karşılaşmazdık. Bağımsız yapımcılar sayesinde, büyük oyun firmalarının burun kıvırdığı niş temalara ulaşabiliyoruz. Şimdi ise yine benzer bir durumla karşı karşıyayız. <b>Tendershoot </b>isimli küçük bir geliştirici ekip, uyurken internette gezebileceğimiz bir oyun yaptı. Oyunda ana karakterimiz uyuduktan sonra dedektiflik yapmak için internet alemine dalıyor. Ancak internetin 90\'lardan kalma olması, olayı daha da ilginçleştiriyor. <b>90\'larda</b> tasarlanan internet sayfalarını hatırlayanların, <b>Hypnospace Outlaw</b>\'dan oldukça zevk alacağını söyleyebiliriz.</p><h2>Hypnospace Outlaw Steam\'de çıktı</h2><p>Hypnospace Outlaw\'ın sistem gereksinimleri ise şu şekilde;</p><p>MİNİMUM:</p><p>- İşletim Sistemi: Windows XP, Vista, 7, 8, 10<br>- İşlemci: 1.4GHz veya daha hızlısı<br>- Bellek: 2 GB RAM<br>- Ekran Kartı: anakarta entegre ekran kartı yeterli<br>- DirectX: Sürüm 10<br>- Depolama: 500 MB kullanılabilir alan</p><p>ÖNERİLEN:</p><p>- İşletim Sistemi: Windows XP, Vista, 7, 8, 10<br>- İşlemci: 1.4GHz veya daha hızlısı<br>- Bellek: 4 GB RAM<br>- Ekran Kartı: NVIDIA veya AMD marka olan 1GB VRAM olan GPU\'lar<br>- DirectX: Sürüm 11<br>- Depolama: 500 MB kullanılabilir alan</p>', 3, '', '106253_640.jpg', '2019-03-17'),
(19, 1, 1, 1, 'Rising Strom\'un geliştiricisi, 80 kişilik FPS oyunu \'83\'ü duyurdu', ' \'83, Soğuk Savaş döneminde geçecek ', '                                    <p>Taktiksel <b>FPS </b>türünün önemli temsilcilerinden <b>Rising Storm</b> serisinin geliştiricilerinden biri olan <b>Antimatter Games</b>, yeni bir çok oyunculu FPS oyunu duyurdu. \'83 adlı birinci şahıs bakış açısı ile oynanan çok oyunculu nişancı oyununda, 80 kişilik serverlar bulunacak.&nbsp;Antimatter Games \'83 için oynanış görüntülerinin de yer aldığı duyuru fragmanı yayınladı. Yayınlanan duyuru fragmanına aşağıdaki oynatıcı üzerinden göz atabilirsiniz.</p><h2>80 kişilik FPS oyunu \'83\'ü duyuruldu</h2><p>Antimatter Games, <b>Tripware</b> ile birlikte Rising Storm serisini geliştiren firmalardan biriydi. Takım oyunu ve strateji odaklı<b> Rising Storm</b> serisinin simülasyona yakın oynanış mekanikleri ile belirli bir hayran kitlesi bulunuyor. \'83\'te yine devasa haritalar bulunacak. Taktiksel yön yine ön planda olacak. Oyun soğuk savaş döneminde geçecek. Oyunun hikayesini NATO ve Varşova Paktı arasında çatışmanın yaşandığı alternatif bir gerçeklik oluşturacak. Oyunun çok oyunculu modunun da görev odaklı olacağı ve 80 kişilik serverların oyunda yer alacağı belirtiliyor. Tek bir öldürmenin bile büyük savaş alanında sonuca önemli etkilerinin olacağı belirtiliyor. Her oyuncunun mücadelenin sonucunda önemli etkisi olacakmış ancak bu sistem hakkında yapımcı firma daha fazla ayrıntı vermedi.</p>', 1, '', '106248_640.jpg', '2019-03-17'),
(20, 1, 1, 2, 'PUBG\'nin geliştiricisi PUBG\'yi geliştirmeyi bıraktı', 'PUBG yetim kaldı. ', '                                    <p><b>Battle Royale</b> türünün en çok oynanan oyunlarından bir tanesi olan <b>PUBG</b>, çıktığı günden bu yana hızlı bir ivmeyle oyuncu sayısını yükseltti. İlk olarak <b>BlueHole</b>, sonrasındaysa <b>PUBG Corp.</b> adını alan geliştirici ekibinde oyunu geliştiren <b>Brendan Greene </b>ise ani bir kararla PUBG\'yi geliştirmeyi bıraktığını açıkladı. PlayerUnknown nicki ile oyuna ismini veren Greene, son beş yılının Battle Royale\'den ibaret olduğunu açıkladı. Geliştirici ekibin içerisinde hayalinin gerçek olduğunu belirten Greene, Aralık 2017\'den bu yana PUBG\'nin büyüdüğüne dikkat çekti.</p><h2>PUBG ekibinde şok ayrılık</h2><p>Bundan sonrasında <b>Greene</b>, <b>PUBG Corp.</b>\'tan ayrılmayacağını açıkladı. Firma dahilinde Seul\'den, Amsterdam\'a transfer olduğunu belirten geliştirici,<b>&nbsp;PUBG Special Projects.</b> adı altında yeni bir ekip kuracağını açıkladı. Muhtemelen kendisinden başka türlere hitap eden rekabetçi yapımlar göreceğiz. <b>H1Z1 </b>ile başlayan <b>Battle Royale</b> macerasının PUBG ile birlikte milyonlarca oyuncuya hitap ettiği oldukça açık. Her ne kadar oyun <b>Apex Legends</b> veya <b>Fortnite </b>karşısında oyuncu kaybına ulaşsa da, PUBG\'nin artık kendine özel çekirdek bir kitlesi bulunuyor. Bu çekirdek kitle sayesinde oyunun sırtı artık yere gelmeyecektir.</p>', 2, '', '106245_640.jpg', '2019-03-17'),
(21, 1, 20, 3, 'James Gunn tekrardan Guardians of the Galaxy 3\'ün yönetmeni oldu!', 'Dave Bautista bunu beğendi ', '                                    <p>Geçtiğimiz aylarda <b>Guardians of the Galaxy</b> filmlerini hem yazıp hem de yöneten<b> James Gunn</b>\'ın <b>Disney </b>projelerinden kovulduğunu öğrenmiştik. James Gunn\'ın daha önce atmış olduğu bazı Twitler yıllar sonra yönetmenin başına bela olmuştu.&nbsp;<b> James Gunn</b> bu konuyla ilgili özür dilese de <b>Disney </b>ile yollarını ayırmak zorunda kalmıştı. İşte aylar sonra James Gunn ve Disney arasındaki buzlar eridi ve yönetmenin yeniden projenin başına geçtiği duyuruldu.</p><h2>James Gunn tekrardan Guardians of the Galaxy 3\'ün yönetmeni oldu!</h2><p>Ünlü yönetmenin daha önce attığı ve pedofili mesajlar içeren tweetleri sebebi ile <b>Disney</b> yetkilileri bir açıklama yapmış ve \"James\'in Twitter özet akışında keşfedilen saldırgan tutum ve ifadeler, firmamızın değerlerine karşı savunulamaz ve tutarsızdır\" mesajı ile birlikte James Gunn ile olan işbirliklerini sonlandırdıklarını duyurmuşlardı. Bu süreçte birçok oyuncu ve sinema severin James Gunn\'a destek olduğunu görmüştük. Özellikle Marvel filmlerinde Drax karakterine hayat veren <b>Dave Bautista</b>, yönetmene olan inancını her seferinde dile getirmişti.&nbsp;</p><p>james Gunn\'ın tekrar proje başına geçirilmesinden sonra ünlü yönetmen bu olay ile ilgili bir açıklama daha yaptı ve kendisine destek olan herkese yürekten teşekkür ettiğini dile getirdi. Kısacası çalkantılı bir süreç olsa da hali hazırda kendi senaryosunun kullanılacağı <b>Guardians of the Galaxy 3</b> filminin başına yeniden dönmüş oldu.</p>', 1, '', '106282_640.jpg', '2019-03-17'),
(22, 1, 33, 4, 'Devil May Cry / Tüm Hikayeyi Özetliyoruz!', 'Devil May Cry evreninde şimdiye kadar neler oldu? ', '                                    <p><b>Devil May Cry 5</b>, bugün itibariyle oyuncuların karşısına çıktı. Uzun bir süredir beklenen oyunu oynamak istiyor, ancak önceki oyunları oynamadığınız için oyuna uzaktan meraklı gözlerle bakıyorsanız, gelin hep birlikte şimdiye kadar yaşanan önemli olayları tekrar gün yüzüne çıkartalım. Bu arada serinin hikayesine geçmeden önce ana seriye dahil edilmeyen <b>DmC: Devil May Cry</b>’ın hikayesini es geçeceğimizi de belirtelim.</p><h2>Beş dakikada Devil May Cry serisinin tüm hikayesi</h2><p><b>Devil May Cry</b> evreninde dönen olayların başlangıcını anlatan üçüncü oyun, bizlere karanlık ve aydınlık taraf arasında dönen bir savaşı anlatarak senaryoya giriş yapıyordu. Şeytanlar ve insanlar arasında süregelen bu savaşta, <b>Sparda </b>adını alan bir şovalye, kendi türüne ihanet edip insanların tarafına geçip, savaşın seyrini değiştirmeyi seçti. İnsanlığı kurtarmak amacıyla şeytanları <b>Temen-ni-gru</b> adını alan bir kulenin tepesine mühürleyen <b>Sparda</b>, mühürleme işlemi bittikten sonra kendi de bir şeytan olduğu için güçlerini feda etmek zorunda kalıyor. Ayrıca şeytanları tekrar serbest bırakmak için kullanılması gereken tılsımı da yanına alan Sparda, bu olayların ardından 2000 yıl sürecek bir gizemin içerisinde kaybolur. Dünyada yaşamına devam ettiği sırada insan bir kadına aşık olup ikiz çocuk sahibi olan <b>Sparda</b>, bu çocuklara <b>Dante </b>ve <b>Virgil </b>adını verir. Bu sırada aradan geçen 2000 yılda şeytanlar için kullanılan mühür zayıfladığından, yer altının lordu Mundus, Sparda’nın karısına şeytanlarını gönderip bir şekilde öldürmeyi başarır. Ayrıca <b>Dante </b>ve <b>Vergil </b>daha bebekken ailesini terk eden Sparda, çocuklarını bir başına bırakmış olur.</p><p>İkizlerden daha ciddi ve soğukkanlı olanı <b>Vergil</b>, büyüdüğünde ortadan kaybolurken, <b>Dante </b>kendi başına hayatta kalmayı başarır. Aradan geçen olaylar sonucunda tekrar ikiz kardeşiyle karşı karşıya gelen Dante, Vergil’in, Arkham isimli fitneci tarafından manipüle edildiğine şahit olur. <b>Arkham </b>ve <b>Vergil</b>’i durdurmak için yola çıkan Dante, yolculuğu sırasında aynı kendisi gibi bir şeytan avcısı olan Lady ile tanışır. Annesi ve babası Arkham tarafından öldürülen <b>Lady</b>, <b>Dante</b>’yle birlikte ekip olmaya karar verir. En sonunda Vergil’le destansı bir kılıç dövüşüne tutuşan Dante, düşmanlarına karşı kardeşine yardım etmek ister. Fakat Dante’nin yardımını reddeden Vergil, yer altı dünyasına tek başına gitmeyi tercih eder.</p><p>Olayların ardından yer altından dünyaya sızan şeytanları temizlemek amacıyla <b>Devil May Cry</b> adında bir dükkan açan <b>Dante</b>, bu dükkanda para karşılığında şeytan avlama hizmeti vermeye başlar. Tam huzurlu bir hayata başlayayım derken kısa bir süre sonra Dante, dükkanında gizemli bir kadının ziyaretiyle karşı karşıya kalır. <b>Trish </b>adındaki bu kadın karakter, Dante’nin ölen annesine tıpatıp benzemesiyle ana karakterimizi şaşkınlığa uğratır.</p><p></p><p></p><p>Bu şaşkınlığını gizleyen <b>Dante</b>, gizemli karakterimizin arkasından sır perdesini aralamak için <b>Mallet </b>adasına gider. Yeraltı lordu Mundus’un mühürlendiği bu adada şeytanlarla savaşan ana karakterimiz, önce Vergil’in şeytan formu olan <b>Nelo Angelo</b>’yu alt eder. Ardından Mundus’ın karşısına dikilir. Mundus’la yüzleşen Dante Mundus’ın mühründen de etkilendiği için Sparda’nın tam gücüne kavuşur. Artık kendisi gerçek bir şeytan avcısı olmayı başarmıştır. Mundus’la kapışan dante Mundus’ın yerinden “geri döneceğim” diyerek topuklamasına sebep olur.&nbsp; Olaylar sonrasında evine dönen <b>Dante</b>, <b>Trish </b>ve <b>Lady</b>’i yanına alıp şeytan avlayarak hayatını idame ettirir.</p><p>Aradan geçen süre zarfında ortaya <b>Sparda</b>’ya tapınan bir tarikat çıkar. <b>Dante</b>, tarikat liderini öldürmek için tarikat merkezinin bulunduğu Fortuna’ya gider. Tarikat binasına girer girmez, tarikatın lideri <b>Sanctus</b>’u ortadan kaldırıyor. Fakat sonrasındaysa seriye bu oyunla dahil olan <b>Nero</b>, ortada bir tehlike olduğunu düşünüp Dante’ye saldırıyor. Dante ile arasında kısa bir dövüş yaşandıktan sonra tekrar Dante’nin peşine düşen Nero, macerası sırasında sevgilisinin de içerisinde bulunduğu tarikatın aslında kötü bir amaca hizmet ettiğini fark ediyor. Sonrasındaysa <b>Devil May Cry 4</b>’ün hikayesinde Nero’nun, aynı <b>Dante </b>ve <b>Vergil </b>gibi Sparda’nın soyundan geldiğini öğreniyoruz.&nbsp;</p><p>devasa şeytan olarak adlandırılan <b>Savior</b>, <b>Nero </b>ve <b>Vergil</b>’in kılıcı <b>Yamato </b>ile uyandırılr Savior ile başa çıkamayan&nbsp; Nero’nun imdadına Dante yetişir İlk olarak oyunun başladığı kısma gelen Dante, burada dördüncü oyunun kötürü Agnus’u öldürüyor, ardından Yamato’yu kullanıp cehennem kapılarını yok ediyor. Yamato’yu bir şekilde Nero’ya ulaştıran Dante, Savior’ın yok olmasını sağlıyor. <b>Nero, Savior</b>’ı yok ettikten sonra sevgilisi <b>Kyrie</b>’yi de alıp hep birlikte uzaklaşıyorlar.</p><p>Son olarak <b>Devil May Cry 5 incelemesini</b> <a href=\"https://www.merlininkazani.com/devil-may-cry-5-106131-inceleme\" target=\"_blank\" style=\"background-color: rgb(255, 255, 255);\">buradan</a> okuyabilirsiniz.<br></p>', 7, '', '106167_640.jpg', '2019-03-19'),
(23, 1, 33, 6, 'Metro: Exodus grafik karşılaştırması', 'Oyunun PC ve PS4 sürümü arasında ne kadar fark var? ', '                                    <p>Uzun süredir geliştirme aşamasında olan <b>Metro: Exodus</b> sonunda hem PC platformu hem de konsollar için piyasaya çıktı. Metro 2035 isimli romandan uyarlanan ve kıyamet sonrası bir senaryoya sahip olan oyun açık dünya oynanışına sahip.&nbsp;</p><h2>Metro: Exodus Grafik Karşılaştırması</h2><p>Metro tünellerinden çıkarak açık bir dünyaya merhaba dediğimiz <b>Metro Exodus</b>\'un grafikleri oyunun en dikkat çeken yönlerinden birisi. Biz de grafikleri ile iddialı olan oyunun <b>PC Extreme</b>&nbsp;ayalar ve <b>PS4 Pro</b> sürümlerini karşılaştırdık. Her iki sürüm de çok iyi dursa da tabi ki detaylara baktığımızda bazı farklılıklar da göze çarpıyor.</p><p>Test Sistemi<br>İşlemci: İntel i7 6700K<br>Ekran Kartı: GeForce GTX 1080<br>Ram: 32 GB</p>', 1, '', '105886_640.jpg', '2019-03-19');
INSERT INTO `icerik` (`konu_id`, `yazar_id`, `kategori_id`, `kategori_alt_id`, `konu_baslik`, `konu_altbaslik`, `konu_icerik`, `konu_pop`, `konu_hastag`, `konu_resim_url`, `konu_tarih`) VALUES
(24, 1, 33, 6, 'Grafikleriyle coşturan oyun: Metro Exodus!', 'Oyunun artı ve eksilerini değerlendiriyoruz', '                                    <p>Bugün itibari ile resmi çıkışına kavuşan <b>Metro Exodus</b>, aldığı puanlarla da serinin hayranlarını meraklandırmaya devam ediyor. Biz de geçtiğimiz günlerde <a href=\"https://www.merlininkazani.com/metro-exodus-inceleme-105840\" target=\"_blank\">incelemesini</a> yayınladığımız oyun için bir video hazırladık.&nbsp;</p><h2>Metro Exodus nasıl olmuş?</h2><p>PC sürümünü oynadığımız bu videoda oyunun artılarını ve eksilerini değerlendiriyoruz.&nbsp;Oyunun sahip olduğu atmosfer ve hikaye dinamiklerine göz atmanın yanı sıra, craft sistemi ve oynanış unsurlarının da nasıl olduğunu değerlendiriyoruz. <b>Metro Exodus</b> incelemesine <a href=\"https://www.merlininkazani.com/metro-exodus-inceleme-105840\" target=\"_blank\">buraya tıklayarak</a>, hazırladığımız videoya ise aşağıdan göz atabilirsiniz.</p><div id=\"videoContentDiv1\" style=\"margin: auto; overflow: hidden; width: 100%; height: 432px;\"><div style=\"position: relative; overflow: hidden; left: 0px; top: 0px; margin: 0px; padding: 0px; max-width: none; max-height: none; border: medium none; line-height: 1; background-color: rgb(0, 0, 0); backface-visibility: visible; width: 740px; height: 432px; -moz-user-select: none;\"><div style=\"position: absolute; overflow: hidden; left: 0px; top: -1px; margin: 0px; padding: 0px; max-width: none; max-height: none; border: medium none; line-height: 1; background-color: transparent; backface-visibility: visible; width: 742px; height: 434px;\"><iframe style=\"position: absolute; overflow: hidden; left: 0px; top: 0px; margin: 0px; padding: 0px; max-width: none; max-height: none; border: medium none; line-height: 1; background-color: transparent; backface-visibility: visible; width: 100%; height: 100%;\" id=\"MKPlayer1youtube\" allowfullscreen=\"1\" allow=\"accelerometer; autoplay; encrypted-media; gyroscope; picture-in-picture\" title=\"YouTube video player\" src=\"https://www.youtube.com/embed/?controls=0&amp;disablekb=0&amp;loop=0&amp;autoplay=0&amp;wmode=opaque&amp;showinfo=0&amp;rel=0&amp;modestbranding=1&amp;iv_load_policy=3&amp;cc_load_policy=0&amp;fs=0&amp;html5=0&amp;playsinline=1&amp;enablejsapi=1&amp;origin=https%3A%2F%2Fwww.merlininkazani.com&amp;widgetid=1\" width=\"100%\" height=\"100%\" frameborder=\"0\"></iframe><div style=\"position: absolute; overflow: hidden; left: 0px; top: 0px; margin: 0px; padding: 0px; max-width: none; max-height: none; border: medium none; line-height: 1; background-color: rgb(0, 0, 0); backface-visibility: hidden; width: 0px; height: 0px;\"></div></div><div style=\"position: absolute; overflow: hidden; left: -5000px; top: 0px; margin: 0px; padding: 0px; max-width: none; max-height: none; border: medium none; line-height: 1; background-color: rgb(0, 0, 0); backface-visibility: hidden; visibility: hidden;\"><video playsinline=\"\" webkit-playsinline=\"\" style=\"position: relative; left: 0px; top: 0px; width: 100%; height: 100%; margin: 0px; padding: 0px; max-width: none; max-height: none; border: medium none; line-height: 0;\"></video></div><div style=\"position: absolute; overflow: hidden; left: -5000px; top: 0px; margin: 0px; padding: 0px; max-width: none; max-height: none; border: medium none; line-height: 1; background-color: transparent; backface-visibility: hidden; visibility: hidden;\"><audio preload=\"auto\"></audio><canvas style=\"position: absolute; overflow: hidden; left: 0px; top: 0px; margin: 0px; padding: 0px; max-width: none; max-height: none; border: medium none; line-height: 1; background-color: transparent; backface-visibility: hidden;\" width=\"0\" height=\"0\"></canvas></div><div style=\"position: absolute; overflow: hidden; left: 0px; top: 0px; margin: 0px; padding: 0px; max-width: none; max-height: none; border: medium none; line-height: 1; background-color: rgb(255, 213, 0); backface-visibility: hidden; visibility: visible; width: 740px; height: 432px; opacity: 1;\"><img src=\"https://www.merlininkazani.com/video/content/posters/mk-poster.jpg\" style=\"position: absolute; overflow: hidden; left: 0px; top: 0px; margin: 0px; padding: 0px; max-width: none; max-height: none; border: medium none; line-height: 1; background-color: transparent; backface-visibility: hidden; width: 740px; height: 432px;\" width=\"740\" height=\"432\"></div><div style=\"position: absolute; overflow: hidden; left: 0px; top: 0px; margin: 0px; padding: 0px; max-width: none; max-height: none; border: medium none; line-height: 1; background-color: transparent; backface-visibility: hidden; visibility: hidden; width: 740px; height: 432px; cursor: pointer;\"></div><div style=\"position: absolute; overflow: visible; left: 0px; top: 0px; margin: 0px; padding: 0px; max-width: none; max-height: none; border: medium none; line-height: 1; background-color: transparent; backface-visibility: hidden; cursor: default; visibility: hidden;\"></div><div style=\"position: absolute; overflow: visible; left: 300px; top: 432px; margin: 0px; padding: 0px; max-width: none; max-height: none; border: medium none; line-height: 1; background-color: transparent; backface-visibility: hidden;\"><img src=\"video/content/classic_skin_dark/controller-background.png\" style=\"position: absolute; overflow: hidden; left: 0px; top: 0px; margin: 0px; padding: 0px; max-width: none; max-height: none; border: medium none; line-height: 1; background-color: transparent; backface-visibility: hidden; width: 25px; height: 64px;\" width=\"25\" height=\"64\"><img src=\"video/content/classic_skin_dark/youtube-quality-pointer.png\" style=\"position: absolute; overflow: hidden; left: 0px; top: 0px; margin: 0px; padding: 0px; max-width: none; max-height: none; border: medium none; line-height: 1; background-color: transparent; backface-visibility: hidden; width: 8px; height: 5px;\" width=\"8\" height=\"5\"><div style=\"position: absolute; overflow: hidden; left: 0px; top: 0px; margin: 0px; padding: 0px; max-width: none; max-height: none; border: medium none; line-height: 1; background-color: transparent; backface-visibility: visible; height: 23px;\"><div style=\"position: absolute; overflow: hidden; left: 0px; top: 0px; margin: 0px; padding: 0px; max-width: none; max-height: none; border: medium none; line-height: 1; background-color: transparent; backface-visibility: visible; display: inline-block; white-space: nowrap; font-family: Arial; font-size: 12px; color: rgb(136, 136, 136); text-rendering: optimizelegibility;\">hd2160</div><img src=\"video/content/classic_skin_dark/hd.png\" style=\"position: absolute; overflow: hidden; left: 0px; top: 0px; margin: 0px; padding: 0px; max-width: none; max-height: none; border: medium none; line-height: 1; background-color: transparent; backface-visibility: hidden; width: 7px; height: 5px;\" width=\"7\" height=\"5\"><div style=\"position: absolute; overflow: hidden; left: 0px; top: 0px; margin: 0px; padding: 0px; max-width: none; max-height: none; border: medium none; line-height: 1; background-color: transparent; backface-visibility: hidden; cursor: pointer; height: 23px;\"></div></div><div style=\"position: absolute; overflow: hidden; left: 0px; top: 0px; margin: 0px; padding: 0px; max-width: none; max-height: none; border: medium none; line-height: 1; background-color: transparent; backface-visibility: visible; height: 23px;\"><div style=\"position: absolute; overflow: hidden; left: 0px; top: 0px; margin: 0px; padding: 0px; max-width: none; max-height: none; border: medium none; line-height: 1; background-color: transparent; backface-visibility: visible; display: inline-block; white-space: nowrap; font-family: Arial; font-size: 12px; color: rgb(136, 136, 136); text-rendering: optimizelegibility;\">hd1440</div><img src=\"video/content/classic_skin_dark/hd.png\" style=\"position: absolute; overflow: hidden; left: 0px; top: 0px; margin: 0px; padding: 0px; max-width: none; max-height: none; border: medium none; line-height: 1; background-color: transparent; backface-visibility: hidden; width: 7px; height: 5px;\" width=\"7\" height=\"5\"><div style=\"position: absolute; overflow: hidden; left: 0px; top: 0px; margin: 0px; padding: 0px; max-width: none; max-height: none; border: medium none; line-height: 1; background-color: transparent; backface-visibility: hidden; cursor: pointer; height: 23px;\"></div></div><div style=\"position: absolute; overflow: hidden; left: 0px; top: 0px; margin: 0px; padding: 0px; max-width: none; max-height: none; border: medium none; line-height: 1; background-color: transparent; backface-visibility: visible; height: 23px;\"><div style=\"position: absolute; overflow: hidden; left: 0px; top: 0px; margin: 0px; padding: 0px; max-width: none; max-height: none; border: medium none; line-height: 1; background-color: transparent; backface-visibility: visible; display: inline-block; white-space: nowrap; font-family: Arial; font-size: 12px; color: rgb(136, 136, 136); text-rendering: optimizelegibility;\">highres</div><img src=\"video/content/classic_skin_dark/hd.png\" style=\"position: absolute; overflow: hidden; left: 0px; top: 0px; margin: 0px; padding: 0px; max-width: none; max-height: none; border: medium none; line-height: 1; background-color: transparent; backface-visibility: hidden; width: 7px; height: 5px;\" width=\"7\" height=\"5\"><div style=\"position: absolute; overflow: hidden; left: 0px; top: 0px; margin: 0px; padding: 0px; max-width: none; max-height: none; border: medium none; line-height: 1; background-color: transparent; backface-visibility: hidden; cursor: pointer; height: 23px;\"></div></div><div style=\"position: absolute; overflow: hidden; left: 0px; top: 0px; margin: 0px; padding: 0px; max-width: none; max-height: none; border: medium none; line-height: 1; background-color: transparent; backface-visibility: visible; height: 23px;\"><div style=\"position: absolute; overflow: hidden; left: 0px; top: 0px; margin: 0px; padding: 0px; max-width: none; max-height: none; border: medium none; line-height: 1; background-color: transparent; backface-visibility: visible; display: inline-block; white-space: nowrap; font-family: Arial; font-size: 12px; color: rgb(136, 136, 136); text-rendering: optimizelegibility;\">hd1080</div><img src=\"video/content/classic_skin_dark/hd.png\" style=\"position: absolute; overflow: hidden; left: 0px; top: 0px; margin: 0px; padding: 0px; max-width: none; max-height: none; border: medium none; line-height: 1; background-color: transparent; backface-visibility: hidden; width: 7px; height: 5px;\" width=\"7\" height=\"5\"><div style=\"position: absolute; overflow: hidden; left: 0px; top: 0px; margin: 0px; padding: 0px; max-width: none; max-height: none; border: medium none; line-height: 1; background-color: transparent; backface-visibility: hidden; cursor: pointer; height: 23px;\"></div></div><div style=\"position: absolute; overflow: hidden; left: 0px; top: 0px; margin: 0px; padding: 0px; max-width: none; max-height: none; border: medium none; line-height: 1; background-color: transparent; backface-visibility: visible; height: 23px;\"><div style=\"position: absolute; overflow: hidden; left: 0px; top: 0px; margin: 0px; padding: 0px; max-width: none; max-height: none; border: medium none; line-height: 1; background-color: transparent; backface-visibility: visible; display: inline-block; white-space: nowrap; font-family: Arial; font-size: 12px; color: rgb(136, 136, 136); text-rendering: optimizelegibility;\">hd720</div><img src=\"video/content/classic_skin_dark/hd.png\" style=\"position: absolute; overflow: hidden; left: 0px; top: 0px; margin: 0px; padding: 0px; max-width: none; max-height: none; border: medium none; line-height: 1; background-color: transparent; backface-visibility: hidden; width: 7px; height: 5px;\" width=\"7\" height=\"5\"><div style=\"position: absolute; overflow: hidden; left: 0px; top: 0px; margin: 0px; padding: 0px; max-width: none; max-height: none; border: medium none; line-height: 1; background-color: transparent; backface-visibility: hidden; cursor: pointer; height: 23px;\"></div></div><div style=\"position: absolute; overflow: hidden; left: 0px; top: 0px; margin: 0px; padding: 0px; max-width: none; max-height: none; border: medium none; line-height: 1; background-color: transparent; backface-visibility: visible; height: 23px;\"><div style=\"position: absolute; overflow: hidden; left: 0px; top: 0px; margin: 0px; padding: 0px; max-width: none; max-height: none; border: medium none; line-height: 1; background-color: transparent; backface-visibility: visible; display: inline-block; white-space: nowrap; font-family: Arial; font-size: 12px; color: rgb(136, 136, 136); text-rendering: optimizelegibility;\">large</div><img src=\"video/content/classic_skin_dark/hd.png\" style=\"position: absolute; overflow: hidden; left: 0px; top: 0px; margin: 0px; padding: 0px; max-width: none; max-height: none; border: medium none; line-height: 1; background-color: transparent; backface-visibility: hidden; width: 7px; height: 5px;\" width=\"7\" height=\"5\"><div style=\"position: absolute; overflow: hidden; left: 0px; top: 0px; margin: 0px; padding: 0px; max-width: none; max-height: none; border: medium none; line-height: 1; background-color: transparent; backface-visibility: hidden; cursor: pointer; height: 23px;\"></div></div><div style=\"position: absolute; overflow: hidden; left: 0px; top: 0px; margin: 0px; padding: 0px; max-width: none; max-height: none; border: medium none; line-height: 1; background-color: transparent; backface-visibility: visible; height: 23px;\"><div style=\"position: absolute; overflow: hidden; left: 0px; top: 0px; margin: 0px; padding: 0px; max-width: none; max-height: none; border: medium none; line-height: 1; background-color: transparent; backface-visibility: visible; display: inline-block; white-space: nowrap; font-family: Arial; font-size: 12px; color: rgb(136, 136, 136); text-rendering: optimizelegibility;\">medium</div><img src=\"video/content/classic_skin_dark/hd.png\" style=\"position: absolute; overflow: hidden; left: 0px; top: 0px; margin: 0px; padding: 0px; max-width: none; max-height: none; border: medium none; line-height: 1; background-color: transparent; backface-visibility: hidden; width: 7px; height: 5px;\" width=\"7\" height=\"5\"><div style=\"position: absolute; overflow: hidden; left: 0px; top: 0px; margin: 0px; padding: 0px; max-width: none; max-height: none; border: medium none; line-height: 1; background-color: transparent; backface-visibility: hidden; cursor: pointer; height: 23px;\"></div></div><div style=\"position: absolute; overflow: hidden; left: 0px; top: 0px; margin: 0px; padding: 0px; max-width: none; max-height: none; border: medium none; line-height: 1; background-color: transparent; backface-visibility: visible; height: 23px;\"><div style=\"position: absolute; overflow: hidden; left: 0px; top: 0px; margin: 0px; padding: 0px; max-width: none; max-height: none; border: medium none; line-height: 1; background-color: transparent; backface-visibility: visible; display: inline-block; white-space: nowrap; font-family: Arial; font-size: 12px; color: rgb(136, 136, 136); text-rendering: optimizelegibility;\">small</div><img src=\"video/content/classic_skin_dark/hd.png\" style=\"position: absolute; overflow: hidden; left: 0px; top: 0px; margin: 0px; padding: 0px; max-width: none; max-height: none; border: medium none; line-height: 1; background-color: transparent; backface-visibility: hidden; width: 7px; height: 5px;\" width=\"7\" height=\"5\"><div style=\"position: absolute; overflow: hidden; left: 0px; top: 0px; margin: 0px; padding: 0px; max-width: none; max-height: none; border: medium none; line-height: 1; background-color: transparent; backface-visibility: hidden; cursor: pointer; height: 23px;\"></div></div><div style=\"position: absolute; overflow: hidden; left: 0px; top: 0px; margin: 0px; padding: 0px; max-width: none; max-height: none; border: medium none; line-height: 1; background-color: transparent; backface-visibility: visible; height: 23px;\"><div style=\"position: absolute; overflow: hidden; left: 0px; top: 0px; margin: 0px; padding: 0px; max-width: none; max-height: none; border: medium none; line-height: 1; background-color: transparent; backface-visibility: visible; display: inline-block; white-space: nowrap; font-family: Arial; font-size: 12px; color: rgb(136, 136, 136); text-rendering: optimizelegibility;\">tiny</div><img src=\"video/content/classic_skin_dark/hd.png\" style=\"position: absolute; overflow: hidden; left: 0px; top: 0px; margin: 0px; padding: 0px; max-width: none; max-height: none; border: medium none; line-height: 1; background-color: transparent; backface-visibility: hidden; width: 7px; height: 5px;\" width=\"7\" height=\"5\"><div style=\"position: absolute; overflow: hidden; left: 0px; top: 0px; margin: 0px; padding: 0px; max-width: none; max-height: none; border: medium none; line-height: 1; background-color: transparent; backface-visibility: hidden; cursor: pointer; height: 23px;\"></div></div><img src=\"video/content/classic_skin_dark/youtube-quality-arrow.png\" style=\"position: absolute; overflow: hidden; left: 7px; top: 0px; margin: 0px; padding: 0px; max-width: none; max-height: none; border: medium none; line-height: 1; background-color: transparent; backface-visibility: hidden; width: 5px; height: 7px;\" width=\"5\" height=\"7\"></div><div style=\"position: absolute; overflow: visible; left: 300px; top: 432px; margin: 0px; padding: 0px; max-width: none; max-height: none; border: medium none; line-height: 1; background-color: transparent; backface-visibility: hidden; width: 72px; height: 148px;\"><img src=\"video/content/classic_skin_dark/controller-background.png\" style=\"position: absolute; overflow: hidden; left: 0px; top: 0px; margin: 0px; padding: 0px; max-width: none; max-height: none; border: medium none; line-height: 1; background-color: transparent; backface-visibility: hidden; width: 72px; height: 148px;\" width=\"72\" height=\"148\"><img src=\"video/content/classic_skin_dark/youtube-quality-pointer.png\" style=\"position: absolute; overflow: hidden; left: 32px; top: 148px; margin: 0px; padding: 0px; max-width: none; max-height: none; border: medium none; line-height: 1; background-color: transparent; backface-visibility: hidden; width: 8px; height: 5px;\" width=\"8\" height=\"5\"><img src=\"video/content/classic_skin_dark/youtube-quality-arrow.png\" style=\"position: absolute; overflow: hidden; left: 7px; top: 81px; margin: 0px; padding: 0px; max-width: none; max-height: none; border: medium none; line-height: 1; background-color: transparent; backface-visibility: hidden; width: 5px; height: 7px;\" width=\"5\" height=\"7\"><div style=\"position: absolute; overflow: hidden; left: 0px; top: 5px; margin: 0px; padding: 0px; max-width: none; max-height: none; border: medium none; line-height: 1; background-color: transparent; backface-visibility: visible; height: 23px; width: 72px;\"><div style=\"position: absolute; overflow: hidden; left: 18px; top: 5px; margin: 0px; padding: 0px; max-width: none; max-height: none; border: medium none; line-height: 1; background-color: transparent; backface-visibility: visible; display: inline-block; white-space: nowrap; font-family: Arial; font-size: 12px; color: rgb(136, 136, 136); text-rendering: optimizelegibility;\">2</div><img src=\"undefined\" style=\"position: absolute; overflow: hidden; left: 29px; top: 6px; margin: 0px; padding: 0px; max-width: none; max-height: none; border: medium none; line-height: 1; background-color: transparent; backface-visibility: hidden; width: 7px; height: 5px; visibility: hidden;\" width=\"7\" height=\"5\"><div style=\"position: absolute; overflow: hidden; left: 0px; top: 0px; margin: 0px; padding: 0px; max-width: none; max-height: none; border: medium none; line-height: 1; background-color: transparent; backface-visibility: hidden; cursor: pointer; height: 23px; width: 72px;\"></div></div><div style=\"position: absolute; overflow: hidden; left: 0px; top: 28px; margin: 0px; padding: 0px; max-width: none; max-height: none; border: medium none; line-height: 1; background-color: transparent; backface-visibility: visible; height: 23px; width: 72px;\"><div style=\"position: absolute; overflow: hidden; left: 18px; top: 5px; margin: 0px; padding: 0px; max-width: none; max-height: none; border: medium none; line-height: 1; background-color: transparent; backface-visibility: visible; display: inline-block; white-space: nowrap; font-family: Arial; font-size: 12px; color: rgb(136, 136, 136); text-rendering: optimizelegibility;\">1.5</div><img src=\"undefined\" style=\"position: absolute; overflow: hidden; left: 40px; top: 6px; margin: 0px; padding: 0px; max-width: none; max-height: none; border: medium none; line-height: 1; background-color: transparent; backface-visibility: hidden; width: 7px; height: 5px; visibility: hidden;\" width=\"7\" height=\"5\"><div style=\"position: absolute; overflow: hidden; left: 0px; top: 0px; margin: 0px; padding: 0px; max-width: none; max-height: none; border: medium none; line-height: 1; background-color: transparent; backface-visibility: hidden; cursor: pointer; height: 23px; width: 72px;\"></div></div><div style=\"position: absolute; overflow: hidden; left: 0px; top: 51px; margin: 0px; padding: 0px; max-width: none; max-height: none; border: medium none; line-height: 1; background-color: transparent; backface-visibility: visible; height: 23px; width: 72px;\"><div style=\"position: absolute; overflow: hidden; left: 18px; top: 5px; margin: 0px; padding: 0px; max-width: none; max-height: none; border: medium none; line-height: 1; background-color: transparent; backface-visibility: visible; display: inline-block; white-space: nowrap; font-family: Arial; font-size: 12px; color: rgb(136, 136, 136); text-rendering: optimizelegibility;\">1.25</div><img src=\"undefined\" style=\"position: absolute; overflow: hidden; left: 47px; top: 6px; margin: 0px; padding: 0px; max-width: none; max-height: none; border: medium none; line-height: 1; background-color: transparent; backface-visibility: hidden; width: 7px; height: 5px; visibility: hidden;\" width=\"7\" height=\"5\"><div style=\"position: absolute; overflow: hidden; left: 0px; top: 0px; margin: 0px; padding: 0px; max-width: none; max-height: none; border: medium none; line-height: 1; background-color: transparent; backface-visibility: hidden; cursor: pointer; height: 23px; width: 72px;\"></div></div><div style=\"position: absolute; overflow: hidden; left: 0px; top: 74px; margin: 0px; padding: 0px; max-width: none; max-height: none; border: medium none; line-height: 1; background-color: transparent; backface-visibility: visible; height: 23px; width: 72px;\"><div style=\"position: absolute; overflow: hidden; left: 18px; top: 5px; margin: 0px; padding: 0px; max-width: none; max-height: none; border: medium none; line-height: 1; background-color: transparent; backface-visibility: visible; display: inline-block; white-space: nowrap; font-family: Arial; font-size: 12px; color: rgb(255, 255, 255); text-rendering: optimizelegibility;\">normal</div><img src=\"undefined\" style=\"position: absolute; overflow: hidden; left: 60px; top: 6px; margin: 0px; padding: 0px; max-width: none; max-height: none; border: medium none; line-height: 1; background-color: transparent; backface-visibility: hidden; width: 7px; height: 5px; visibility: hidden;\" width=\"7\" height=\"5\"><div style=\"position: absolute; overflow: hidden; left: 0px; top: 0px; margin: 0px; padding: 0px; max-width: none; max-height: none; border: medium none; line-height: 1; background-color: transparent; backface-visibility: hidden; cursor: default; height: 23px; width: 72px;\"></div></div><div style=\"position: absolute; overflow: hidden; left: 0px; top: 97px; margin: 0px; padding: 0px; max-width: none; max-height: none; border: medium none; line-height: 1; background-color: transparent; backface-visibility: visible; height: 23px; width: 72px;\"><div style=\"position: absolute; overflow: hidden; left: 18px; top: 5px; margin: 0px; padding: 0px; max-width: none; max-height: none; border: medium none; line-height: 1; background-color: transparent; backface-visibility: visible; display: inline-block; white-space: nowrap; font-family: Arial; font-size: 12px; color: rgb(136, 136, 136); text-rendering: optimizelegibility;\">0.5</div><img src=\"undefined\" style=\"position: absolute; overflow: hidden; left: 40px; top: 6px; margin: 0px; padding: 0px; max-width: none; max-height: none; border: medium none; line-height: 1; background-color: transparent; backface-visibility: hidden; width: 7px; height: 5px; visibility: hidden;\" width=\"7\" height=\"5\"><div style=\"position: absolute; overflow: hidden; left: 0px; top: 0px; margin: 0px; padding: 0px; max-width: none; max-height: none; border: medium none; line-height: 1; background-color: transparent; backface-visibility: hidden; cursor: pointer; height: 23px; width: 72px;\"></div></div><div style=\"position: absolute; overflow: hidden; left: 0px; top: 120px; margin: 0px; padding: 0px; max-width: none; max-height: none; border: medium none; line-height: 1; background-color: transparent; backface-visibility: visible; height: 23px; width: 72px;\"><div style=\"position: absolute; overflow: hidden; left: 18px; top: 5px; margin: 0px; padding: 0px; max-width: none; max-height: none; border: medium none; line-height: 1; background-color: transparent; backface-visibility: visible; display: inline-block; white-space: nowrap; font-family: Arial; font-size: 12px; color: rgb(136, 136, 136); text-rendering: optimizelegibility;\">0.25</div><img src=\"undefined\" style=\"position: absolute; overflow: hidden; left: 47px; top: 6px; margin: 0px; padding: 0px; max-width: none; max-height: none; border: medium none; line-height: 1; background-color: transparent; backface-visibility: hidden; width: 7px; height: 5px; visibility: hidden;\" width=\"7\" height=\"5\"><div style=\"position: absolute; overflow: hidden; left: 0px; top: 0px; margin: 0px; padding: 0px; max-width: none; max-height: none; border: medium none; line-height: 1; background-color: transparent; backface-visibility: hidden; cursor: pointer; height: 23px; width: 72px;\"></div></div></div><div style=\"position: absolute; overflow: visible; left: 0px; top: 389px; margin: 0px; padding: 0px; max-width: none; max-height: none; border: medium none; line-height: 1; background-color: transparent; backface-visibility: hidden; width: 740px; height: 43px;\"><div style=\"position: absolute; overflow: visible; left: 0px; top: 0px; margin: 0px; padding: 0px; max-width: none; max-height: none; border: medium none; line-height: 1; background-color: rgb(0, 0, 0); backface-visibility: hidden; width: 740px; height: 43px;\"><img src=\"video/content/classic_skin_dark/controller-background.png\" style=\"position: absolute; overflow: hidden; left: 0px; top: 0px; margin: 0px; padding: 0px; max-width: none; max-height: none; border: medium none; line-height: 1; background-color: rgb(0, 0, 0); backface-visibility: hidden; width: 740px; height: 43px;\" width=\"740\" height=\"43\"><div style=\"position: absolute; overflow: hidden; left: 11px; top: 10px; margin: 0px; padding: 0px; max-width: none; max-height: none; border: medium none; line-height: 1; background-color: transparent; backface-visibility: hidden; cursor: pointer; width: 15px; height: 23px;\"><div style=\"position: absolute; overflow: hidden; left: 0px; top: 0px; margin: 0px; padding: 0px; max-width: none; max-height: none; border: medium none; line-height: 1; background-color: transparent; backface-visibility: hidden; width: 15px; height: 23px; visibility: hidden;\"><img src=\"video/content/classic_skin_dark/pause.png\" style=\"position: absolute; overflow: hidden; left: 0px; top: 0px; margin: 0px; padding: 0px; max-width: none; max-height: none; border: medium none; line-height: 1; background-color: transparent; backface-visibility: hidden; width: 15px; height: 23px;\" width=\"15\" height=\"23\"><img src=\"video/content/classic_skin_dark/pause-over.png\" style=\"position: absolute; overflow: hidden; left: 0px; top: 0px; margin: 0px; padding: 0px; max-width: none; max-height: none; border: medium none; line-height: 1; background-color: transparent; backface-visibility: hidden; width: 15px; height: 23px; opacity: 0;\" width=\"15\" height=\"23\"></div><div style=\"position: absolute; overflow: hidden; left: 0px; top: 0px; margin: 0px; padding: 0px; max-width: none; max-height: none; border: medium none; line-height: 1; background-color: transparent; backface-visibility: hidden; width: 15px; height: 23px;\"><img src=\"video/content/classic_skin_dark/play.png\" style=\"position: absolute; overflow: hidden; left: 0px; top: 0px; margin: 0px; padding: 0px; max-width: none; max-height: none; border: medium none; line-height: 1; background-color: transparent; backface-visibility: hidden; width: 15px; height: 23px;\" width=\"15\" height=\"23\"><img src=\"video/content/classic_skin_dark/play-over.png\" style=\"position: absolute; overflow: hidden; left: 0px; top: 0px; margin: 0px; padding: 0px; max-width: none; max-height: none; border: medium none; line-height: 1; background-color: transparent; backface-visibility: hidden; width: 15px; height: 23px; opacity: 0;\" width=\"15\" height=\"23\"></div></div><div style=\"position: absolute; overflow: hidden; left: 0px; top: 0px; margin: 0px; padding: 0px; max-width: none; max-height: none; border: medium none; line-height: 1; background-color: transparent; backface-visibility: hidden; width: 19px; height: 25px; cursor: default; transform: translate(37px, 9px) scale(1, 1) rotate(0deg); opacity: 0.4;\"><img src=\"video/content/classic_skin_dark/rewind.png\" style=\"position: absolute; overflow: hidden; left: 0px; top: 0px; margin: 0px; padding: 0px; max-width: none; max-height: none; border: medium none; line-height: 1; background-color: transparent; backface-visibility: hidden;\" width=\"19\" height=\"25\"><img src=\"video/content/classic_skin_dark/rewind-over.png\" style=\"position: absolute; overflow: hidden; left: 0px; top: 0px; margin: 0px; padding: 0px; max-width: none; max-height: none; border: medium none; line-height: 1; background-color: transparent; backface-visibility: hidden; width: 19px; height: 25px; opacity: 0;\" width=\"19\" height=\"25\"></div><div style=\"position: absolute; overflow: hidden; left: 67px; top: 10px; margin: 0px; padding: 0px; max-width: none; max-height: none; border: medium none; line-height: 1; background-color: transparent; backface-visibility: hidden; height: 22px; cursor: default; width: 306px;\"><img src=\"video/content/classic_skin_dark/scrubber-left-background.png\" style=\"position: absolute; overflow: hidden; left: 0px; top: 0px; margin: 0px; padding: 0px; max-width: none; max-height: none; border: medium none; line-height: 1; background-color: transparent; backface-visibility: hidden; width: 2px; height: 22px;\" width=\"2\" height=\"22\"><div style=\"position: absolute; overflow: hidden; left: 2px; top: 0px; margin: 0px; padding: 0px; max-width: none; max-height: none; border: medium none; line-height: 1; background: rgba(0, 0, 0, 0) url(&quot;video/content/classic_skin_dark/scrubber-middle-background.png&quot;) repeat-x scroll 0% 0%; backface-visibility: hidden; height: 22px; width: 302px;\"></div><img src=\"video/content/classic_skin_dark/scrubber-right-background.png\" style=\"position: absolute; overflow: hidden; left: 304px; top: 0px; margin: 0px; padding: 0px; max-width: none; max-height: none; border: medium none; line-height: 1; background-color: transparent; backface-visibility: hidden; width: 2px; height: 22px;\" width=\"2\" height=\"22\"><div style=\"position: absolute; overflow: hidden; left: 0px; top: 0px; margin: 0px; padding: 0px; max-width: none; max-height: none; border: medium none; line-height: 1; background-color: transparent; backface-visibility: hidden; height: 22px; width: 0px;\"><img style=\"position: absolute; overflow: hidden; left: 0px; top: 0px; margin: 0px; padding: 0px; max-width: none; max-height: none; border: medium none; line-height: 1; background-color: transparent; backface-visibility: hidden; width: 0px; height: 0px;\" width=\"0\" height=\"0\"><div style=\"position: absolute; overflow: hidden; left: 2px; top: 0px; margin: 0px; padding: 0px; max-width: none; max-height: none; border: medium none; line-height: 1; background: rgba(0, 0, 0, 0) url(&quot;video/content/classic_skin_dark/progress-middle.png&quot;) repeat-x scroll 0% 0%; backface-visibility: hidden; height: 22px; width: 302px;\"></div></div><div style=\"position: absolute; overflow: hidden; left: 0px; top: 0px; margin: 0px; padding: 0px; max-width: none; max-height: none; border: medium none; line-height: 1; background-color: transparent; backface-visibility: hidden; height: 22px; width: 0px;\"><img src=\"video/content/classic_skin_dark/scrubber-left-drag-add.png\" style=\"position: absolute; overflow: hidden; left: 0px; top: 0px; margin: 0px; padding: 0px; max-width: none; max-height: none; border: medium none; line-height: 1; background-color: transparent; backface-visibility: hidden; width: 2px; height: 22px;\" width=\"2\" height=\"22\"><div style=\"position: absolute; overflow: hidden; left: 2px; top: 0px; margin: 0px; padding: 0px; max-width: none; max-height: none; border: medium none; line-height: 1; background: rgba(0, 0, 0, 0) url(&quot;video/content/classic_skin_dark/scrubber-middle-drag-add.png&quot;) repeat-x scroll 0% 0%; backface-visibility: hidden; height: 22px; width: 302px;\"></div></div><img src=\"video/content/classic_skin_dark/scrubber-line.png\" style=\"position: absolute; overflow: hidden; left: 1px; top: 0px; margin: 0px; padding: 0px; max-width: none; max-height: none; border: medium none; line-height: 1; background-color: transparent; backface-visibility: hidden; width: 1px; height: 22px; opacity: 0;\" width=\"1\" height=\"22\"><div style=\"position: absolute; overflow: visible; left: -5000px; top: 0px; margin: 0px; padding: 0px; max-width: none; max-height: none; border: medium none; line-height: 1; background-color: transparent; backface-visibility: hidden;\"><div style=\"position: absolute; overflow: hidden; left: 0px; top: 0px; margin: 0px; padding: 0px; max-width: none; max-height: none; border: medium none; line-height: 1; background: rgba(0, 0, 0, 0) url(&quot;video/content/classic_skin_dark/ad-line.png&quot;) repeat-x scroll 0% 0%; backface-visibility: hidden; width: 2px; height: 22px; opacity: 0; visibility: hidden;\"></div></div></div><div style=\"position: absolute; overflow: hidden; left: 385px; top: 15px; margin: 0px; padding: 0px; max-width: none; max-height: none; border: medium none; line-height: 1; background-color: transparent; backface-visibility: visible; font-family: Arial; font-size: 12px; white-space: nowrap; text-align: center; color: rgb(189, 189, 189); text-rendering: optimizelegibility;\">00:00/00:00</div><div style=\"position: absolute; overflow: hidden; left: 465px; top: 11px; margin: 0px; padding: 0px; max-width: none; max-height: none; border: medium none; line-height: 1; background-color: transparent; backface-visibility: hidden; width: 16px; height: 21px; cursor: pointer;\"><img src=\"video/content/classic_skin_dark/volume.png\" style=\"position: absolute; overflow: hidden; left: 0px; top: 0px; margin: 0px; padding: 0px; max-width: none; max-height: none; border: medium none; line-height: 1; background-color: transparent; backface-visibility: hidden;\" width=\"16\" height=\"21\"><img src=\"video/content/classic_skin_dark/volume-over.png\" style=\"position: absolute; overflow: hidden; left: 0px; top: 0px; margin: 0px; padding: 0px; max-width: none; max-height: none; border: medium none; line-height: 1; background-color: transparent; backface-visibility: hidden; width: 16px; height: 21px; opacity: 0;\" width=\"16\" height=\"21\"><img src=\"video/content/classic_skin_dark/volume-disabled.png\" style=\"position: absolute; overflow: hidden; left: -100px; top: 0px; margin: 0px; padding: 0px; max-width: none; max-height: none; border: medium none; line-height: 1; background-color: transparent; backface-visibility: hidden; width: 16px; height: 21px;\" width=\"16\" height=\"21\"></div><div style=\"position: absolute; overflow: hidden; left: 492px; top: 10px; margin: 0px; padding: 0px; max-width: none; max-height: none; border: medium none; line-height: 1; background-color: transparent; backface-visibility: hidden; height: 22px; width: 80px; cursor: pointer;\"><img src=\"video/content/classic_skin_dark/scrubber-left-background.png\" style=\"position: absolute; overflow: hidden; left: 0px; top: 0px; margin: 0px; padding: 0px; max-width: none; max-height: none; border: medium none; line-height: 1; background-color: transparent; backface-visibility: hidden; width: 2px; height: 22px;\" width=\"2\" height=\"22\"><div style=\"position: absolute; overflow: hidden; left: 2px; top: 0px; margin: 0px; padding: 0px; max-width: none; max-height: none; border: medium none; line-height: 1; background: rgba(0, 0, 0, 0) url(&quot;video/content/classic_skin_dark/scrubber-middle-background.png&quot;) repeat-x scroll 0% 0%; backface-visibility: hidden; height: 22px; width: 76px;\"></div><img src=\"video/content/classic_skin_dark/scrubber-right-background.png\" style=\"position: absolute; overflow: hidden; left: 78px; top: 0px; margin: 0px; padding: 0px; max-width: none; max-height: none; border: medium none; line-height: 1; background-color: transparent; backface-visibility: hidden; width: 2px; height: 22px;\" width=\"2\" height=\"22\"><div style=\"position: absolute; overflow: hidden; left: 0px; top: 0px; margin: 0px; padding: 0px; max-width: none; max-height: none; border: medium none; line-height: 1; background-color: transparent; backface-visibility: hidden; height: 22px; width: 64px;\"><img src=\"video/content/classic_skin_dark/scrubber-left-drag.png\" style=\"position: absolute; overflow: hidden; left: 0px; top: 0px; margin: 0px; padding: 0px; max-width: none; max-height: none; border: medium none; line-height: 1; background-color: transparent; backface-visibility: hidden; width: 2px; height: 22px;\" width=\"2\" height=\"22\"><div style=\"position: absolute; overflow: hidden; left: 2px; top: 0px; margin: 0px; padding: 0px; max-width: none; max-height: none; border: medium none; line-height: 1; background: rgba(0, 0, 0, 0) url(&quot;video/content/classic_skin_dark/scrubber-middle-drag.png&quot;) repeat-x scroll 0% 0%; backface-visibility: hidden; height: 22px; width: 76px;\"></div></div><img src=\"video/content/classic_skin_dark/scrubber-line.png\" style=\"position: absolute; overflow: hidden; left: 65px; top: 0px; margin: 0px; padding: 0px; max-width: none; max-height: none; border: medium none; line-height: 1; background-color: transparent; backface-visibility: hidden; width: 1px; height: 22px; opacity: 1;\" width=\"1\" height=\"22\"></div><div style=\"position: absolute; overflow: hidden; left: 0px; top: 0px; margin: 0px; padding: 0px; max-width: none; max-height: none; border: medium none; line-height: 1; background-color: transparent; backface-visibility: hidden; width: 21px; height: 21px; cursor: default; transform: translate(583px, 11px) scale(1, 1) rotate(0deg); opacity: 0.4;\"><img src=\"video/content/classic_skin_dark/playback-rate-normal.png\" style=\"position: absolute; overflow: hidden; left: 0px; top: 0px; margin: 0px; padding: 0px; max-width: none; max-height: none; border: medium none; line-height: 1; background-color: transparent; backface-visibility: hidden;\" width=\"21\" height=\"21\"><img src=\"video/content/classic_skin_dark/playback-rate-selected.png\" style=\"position: absolute; overflow: hidden; left: 0px; top: 0px; margin: 0px; padding: 0px; max-width: none; max-height: none; border: medium none; line-height: 1; background-color: transparent; backface-visibility: hidden; width: 21px; height: 21px; opacity: 0;\" width=\"21\" height=\"21\"></div><div style=\"position: absolute; overflow: hidden; left: 0px; top: 0px; margin: 0px; padding: 0px; max-width: none; max-height: none; border: medium none; line-height: 1; background-color: transparent; backface-visibility: hidden; width: 18px; height: 26px; cursor: default; transform: translate(615px, 8px) scale(1, 1) rotate(0deg); opacity: 0.4;\"><img src=\"video/content/classic_skin_dark/youtube-quality.png\" style=\"position: absolute; overflow: hidden; left: 0px; top: 0px; margin: 0px; padding: 0px; max-width: none; max-height: none; border: medium none; line-height: 1; background-color: transparent; backface-visibility: hidden;\" width=\"18\" height=\"26\"><img src=\"video/content/classic_skin_dark/youtube-quality-over.png\" style=\"position: absolute; overflow: hidden; left: 0px; top: 0px; margin: 0px; padding: 0px; max-width: none; max-height: none; border: medium none; line-height: 1; background-color: transparent; backface-visibility: hidden; width: 18px; height: 26px; opacity: 0;\" width=\"18\" height=\"26\"><img src=\"video/content/classic_skin_dark/youtube-quality-hd.png\" style=\"position: absolute; overflow: hidden; left: -100px; top: 0px; margin: 0px; padding: 0px; max-width: none; max-height: none; border: medium none; line-height: 1; background-color: transparent; backface-visibility: hidden; width: 18px; height: 26px;\" width=\"18\" height=\"26\"></div><div style=\"position: absolute; overflow: hidden; left: 0px; top: 0px; margin: 0px; padding: 0px; max-width: none; max-height: none; border: medium none; line-height: 1; background-color: transparent; backface-visibility: hidden; width: 21px; height: 21px; cursor: pointer; transform: translate(644px, 11px) scale(1, 1) rotate(0deg);\"><img src=\"video/content/classic_skin_dark/share.png\" style=\"position: absolute; overflow: hidden; left: 0px; top: 0px; margin: 0px; padding: 0px; max-width: none; max-height: none; border: medium none; line-height: 1; background-color: transparent; backface-visibility: hidden;\" width=\"21\" height=\"21\"><img src=\"video/content/classic_skin_dark/share-over.png\" style=\"position: absolute; overflow: hidden; left: 0px; top: 0px; margin: 0px; padding: 0px; max-width: none; max-height: none; border: medium none; line-height: 1; background-color: transparent; backface-visibility: hidden; width: 21px; height: 21px; opacity: 0;\" width=\"21\" height=\"21\"></div><div style=\"position: absolute; overflow: hidden; left: 0px; top: 0px; margin: 0px; padding: 0px; max-width: none; max-height: none; border: medium none; line-height: 1; background-color: transparent; backface-visibility: hidden; width: 25px; height: 20px; cursor: pointer; transform: translate(676px, 11px) scale(1, 1) rotate(0deg);\"><img src=\"video/content/classic_skin_dark/embed.png\" style=\"position: absolute; overflow: hidden; left: 0px; top: 0px; margin: 0px; padding: 0px; max-width: none; max-height: none; border: medium none; line-height: 1; background-color: transparent; backface-visibility: hidden;\" width=\"25\" height=\"20\"><img src=\"video/content/classic_skin_dark/embed-over.png\" style=\"position: absolute; overflow: hidden; left: 0px; top: 0px; margin: 0px; padding: 0px; max-width: none; max-height: none; border: medium none; line-height: 1; background-color: transparent; backface-visibility: hidden; width: 25px; height: 20px; opacity: 0;\" width=\"25\" height=\"20\"></div><div style=\"position: absolute; overflow: hidden; left: 712px; top: 11px; margin: 0px; padding: 0px; max-width: none; max-height: none; border: medium none; line-height: 1; background-color: transparent; backface-visibility: hidden; cursor: pointer; width: 18px; height: 20px;\"><div style=\"position: absolute; overflow: hidden; left: 0px; top: 0px; margin: 0px; padding: 0px; max-width: none; max-height: none; border: medium none; line-height: 1; background-color: transparent; backface-visibility: hidden; width: 18px; height: 20px; visibility: hidden;\"><img src=\"video/content/classic_skin_dark/normal-screen.png\" style=\"position: absolute; overflow: hidden; left: 0px; top: 0px; margin: 0px; padding: 0px; max-width: none; max-height: none; border: medium none; line-height: 1; background-color: transparent; backface-visibility: hidden; width: 18px; height: 20px;\" width=\"18\" height=\"20\"><img src=\"video/content/classic_skin_dark/normal-screen-over.png\" style=\"position: absolute; overflow: hidden; left: 0px; top: 0px; margin: 0px; padding: 0px; max-width: none; max-height: none; border: medium none; line-height: 1; background-color: transparent; backface-visibility: hidden; width: 18px; height: 20px; opacity: 0;\" width=\"18\" height=\"20\"></div><div style=\"position: absolute; overflow: hidden; left: 0px; top: 0px; margin: 0px; padding: 0px; max-width: none; max-height: none; border: medium none; line-height: 1; background-color: transparent; backface-visibility: hidden; width: 18px; height: 20px;\"><img src=\"video/content/classic_skin_dark/full-screen.png\" style=\"position: absolute; overflow: hidden; left: 0px; top: 0px; margin: 0px; padding: 0px; max-width: none; max-height: none; border: medium none; line-height: 1; background-color: transparent; backface-visibility: hidden; width: 18px; height: 20px;\" width=\"18\" height=\"20\"><img src=\"video/content/classic_skin_dark/full-screen-over.png\" style=\"position: absolute; overflow: hidden; left: 0px; top: 0px; margin: 0px; padding: 0px; max-width: none; max-height: none; border: medium none; line-height: 1; background-color: transparent; backface-visibility: hidden; width: 18px; height: 20px; opacity: 0;\" width=\"18\" height=\"20\"></div></div></div></div><div style=\"position: absolute; overflow: visible; left: 0px; top: 0px; margin: 0px; padding: 0px; max-width: none; max-height: none; border: medium none; line-height: 1; background-color: transparent; backface-visibility: hidden; width: 215px; height: 64px; visibility: hidden; transform: translate(0px, 295px) scale(1, 1) rotate(0deg);\"><div style=\"position: absolute; overflow: hidden; left: -215px; top: 0px; margin: 0px; padding: 0px; max-width: none; max-height: none; border: medium none; line-height: 1; background-color: transparent; backface-visibility: visible; width: 215px; height: 64px;\"><div style=\"position: absolute; overflow: hidden; left: 0px; top: 0px; margin: 0px; padding: 0px; max-width: none; max-height: none; border: medium none; line-height: 1; background: rgba(0, 0, 0, 0) url(&quot;video/content/classic_skin_dark/ads-background.png&quot;) repeat scroll 0% 0%; backface-visibility: hidden; width: 215px; height: 64px;\"></div><div style=\"position: absolute; overflow: visible; left: 32.5px; top: 23px; margin: 0px; padding: 0px; max-width: none; max-height: none; border: medium none; line-height: 1; background-color: transparent; backface-visibility: visible; display: inline; font-family: Arial; font-size: 22px; white-space: nowrap; color: rgb(153, 153, 153); text-rendering: optimizelegibility;\">Reklamı Geç</div><div style=\"position: absolute; overflow: hidden; left: 155px; top: 4px; margin: 0px; padding: 0px; max-width: none; max-height: none; border: medium none; line-height: 1; background-color: transparent; backface-visibility: hidden; width: 56px; height: 56px; visibility: hidden;\"></div><img src=\"video/content/classic_skin_dark/skip-icon.png\" style=\"position: absolute; overflow: hidden; left: 167.5px; top: 27px; margin: 0px; padding: 0px; max-width: none; max-height: none; border: medium none; line-height: 1; background-color: transparent; backface-visibility: hidden; width: 15px; height: 13px;\" width=\"15\" height=\"13\"><img src=\"video/content/classic_skin_dark/skip-icon-over.png\" style=\"position: absolute; overflow: hidden; left: 167.5px; top: 27px; margin: 0px; padding: 0px; max-width: none; max-height: none; border: medium none; line-height: 1; background-color: transparent; backface-visibility: hidden; width: 15px; height: 13px; opacity: 0;\" width=\"15\" height=\"13\"><div style=\"position: absolute; overflow: hidden; left: -1px; top: 0px; margin: 0px; padding: 0px; max-width: none; max-height: none; border: 1px solid rgb(102, 102, 102); line-height: 1; background-color: transparent; backface-visibility: hidden; cursor: pointer; width: 214px; height: 62px;\"></div></div></div><div style=\"position: absolute; overflow: visible; left: 0px; top: 0px; margin: 0px; padding: 0px; max-width: none; max-height: none; border: medium none; line-height: 1; background-color: transparent; backface-visibility: hidden; width: 215px; height: 64px; visibility: hidden; transform: translate(0px, 295px) scale(1, 1) rotate(0deg);\"><div style=\"position: absolute; overflow: hidden; left: -215px; top: 0px; margin: 0px; padding: 0px; max-width: none; max-height: none; border: medium none; line-height: 1; background-color: transparent; backface-visibility: visible; width: 215px; height: 64px;\"><div style=\"position: absolute; overflow: hidden; left: 0px; top: 0px; margin: 0px; padding: 0px; max-width: none; max-height: none; border: medium none; line-height: 1; background: rgba(0, 0, 0, 0) url(&quot;video/content/classic_skin_dark/ads-background.png&quot;) repeat scroll 0% 0%; backface-visibility: hidden; width: 215px; height: 64px;\"></div><div style=\"position: absolute; overflow: hidden; left: 0px; top: 0px; margin: 0px; padding: 0px; max-width: none; max-height: none; border: medium none; line-height: 18px; background-color: transparent; backface-visibility: visible; font-family: Arial; font-size: 12px; text-align: center; color: rgb(153, 153, 153); text-rendering: optimizelegibility;\">...</div><div style=\"position: absolute; overflow: hidden; left: 155px; top: 4px; margin: 0px; padding: 0px; max-width: none; max-height: none; border: medium none; line-height: 1; background-color: transparent; backface-visibility: hidden; width: 56px; height: 56px; visibility: hidden;\"></div><div style=\"position: absolute; overflow: hidden; left: -1px; top: 0px; margin: 0px; padding: 0px; max-width: none; max-height: none; border: 1px solid rgb(102, 102, 102); line-height: 1; background-color: transparent; backface-visibility: hidden; width: 214px; height: 62px;\"></div></div></div><div style=\"position: absolute; overflow: visible; left: 0px; top: 0px; margin: 0px; padding: 0px; max-width: none; max-height: none; border: medium none; line-height: 1; background-color: transparent; backface-visibility: hidden; width: 85px; height: 59px; cursor: pointer; visibility: visible; transform: translate(327px, 186px) scale(1, 1) rotate(0deg);\"><img src=\"video/content/classic_skin_dark/large-play.png\" style=\"position: absolute; overflow: hidden; left: 0px; top: 0px; margin: 0px; padding: 0px; max-width: none; max-height: none; border: medium none; line-height: 1; background-color: transparent; backface-visibility: hidden;\" width=\"85\" height=\"59\"><img src=\"video/content/classic_skin_dark/large-play-over.png\" style=\"position: absolute; overflow: hidden; left: 0px; top: 0px; margin: 0px; padding: 0px; max-width: none; max-height: none; border: medium none; line-height: 1; background-color: transparent; backface-visibility: hidden; width: 85px; height: 59px; opacity: 0;\" width=\"85\" height=\"59\"></div></div></div>', 1, '', '105867_640.jpg', '2019-03-19');
INSERT INTO `icerik` (`konu_id`, `yazar_id`, `kategori_id`, `kategori_alt_id`, `konu_baslik`, `konu_altbaslik`, `konu_icerik`, `konu_pop`, `konu_hastag`, `konu_resim_url`, `konu_tarih`) VALUES
(25, 1, 33, 7, 'Division 2 Private Beta', 'Ultra ayarlarda nasıl gözüküyor? ', '<p>Ubisoft\'un merakla beklenen yeni oyunu <b>The Division 2</b>\'nin kapalı betasına daldık. Oyunun PC modunu denediğimiz bu videomuzda hem <b>Division 2</b>\'nin grafiklerine hem de oyunun genel oynanış dinamiklerine göz atıyoruz.&nbsp;</p><h2>Division 2\'nin kapalı betasına girdik</h2><p><b>Tom Clancy\'s The Division 2</b> bildiğiniz gibi bu sefer bizleri Washington\'a götürüyor. Beyaz Saray\'ı ana üs olarak kullandığımız oyunun genel olarak ilk oyun izinden gittiğini söyleyebiliriz. Tabi hem oynanışta hem de içerik tarafında bazı değişiklikler de söz konusu. İşte bu videomuzda hem oyunun gidişatını hem de betada bizleri neler beklediğini konuştuk.</p>', 1, '', '105774_640.jpg', '2019-03-19'),
(26, 1, 33, 5, 'Apex Legends nasıl bir oyun ?', 'Oyunun dinamiklerine göz atıyoruz ', '<p>Titanfall temalı Battle Royale oyunu Apex Legends, Pazar günü duyurulmuştu. Bugün itibariyle oyuncuların karşısına çıkan yapım, Battle Royale türüne yeni bir hava katabilir. Biz de bu videomuzda <b>Apex Legends</b>\'a giriyor ve oyunun genel dinamiklerini anlatıyoruz.</p>', 1, 'Oyunun dinamiklerine göz atıyoruz', '105731_640.jpg', '2019-03-19'),
(27, 1, 3, 4, 'Workers & Resources: Soviet Republic nasıl bir oyun?', 'Sadece çalışanın ve emek verenin kazandığı bir dünyaya hoşgeldiniz.', '<p>Yeni nesil oyunculuk kavramında pek fazla yer bulamayan şehir kurma ve planlama oyunları, yine de kendi niş kitlesi sayesinde yaşamaya devam ediyor. <b>Tropico </b>serisi, <b>SimCity </b>serisi ve <b>Cities Skylines </b>gibi yapımlar sayesinde saatlerimizi harcadığımız bu tür, diğer oyun türlerinden farklı olarak insanları ekran başına kitleme özelliğine sahip. <b>“15 dakika bakıp çıkayım”</b> derken kendinizi bir anda 3-4 saatlik bir oynama süresi içerisinde bulabiliyorsunuz. Yeniden oynanabilirlik konusunda en iyi türlerden bir tanesi olan bu türde bu sefer tema olarak çok farklı bir yapımla karşı karşıyayız.</p><p>Tema olarak 60’lar ve 70’lerin <b>Sovyetler Birliği </b>temasını benimseyen <b>Workers &amp; Resources: Soviet Republic</b>, geçtiğimiz günlerde erken erişim şeklinde piyasaya çıktı. Çok küçük bir geliştirici grup olan 3Division tarafından geliştirilen Workers &amp; Resources: Soviet Republic, müzikleri, yapıları ve işleyişi sayesinde sizi bir anda Sovyetler dönemine götürmeyi başarıyor. Erken erişim şeklinde çıkan yapımın oldukça fazla eksiği bulunsa da, oynayanları belli bir süreliğine başında tutabiliyor.</p>', 1, '', '106306_640.jpg', '2019-03-20'),
(28, 1, 4, 4, 'Tom Clancy\'s The Division 2 (Review in Progress)', 'Yeşil zehrin etkileri sürüyor.', '<p><b>The Division 2 inceleme</b>: 2013 yılını hatırlayın. Ubisoft\'un E3 2013 fuarında tanıttığı <b>The Division</b>, ilk duyuru videosu ile ortalığı ayağı kaldırmış, grafikleri ile bizleri büyülemiş, oynanış elementleri ile hepimizi heyecanlandırmıştı. Hatta video oyunları tarihinin en çok \"hype\" yaratan oyunlarından biri haline gelmiş, oyuncuları soktuğu beklenti ile ön sipariş düğmelerini aşındırmayı başarmıştı. Gel zaman git zaman yayınlanan videolar, açıklanan bilgiler derken<b> The Division,</b> 8 Mart 2016 yılında raflardaki yerini almış ve ne yazık ki o zamanlar için bir Ubisoft klasiği olarak ortadaki görsel downgrade ile beklentileri karşılamaktan uzak kalmıştı. Aslına baktığımızda ilk oyunun hayal kırıklığı yaratmasının en büyük sebebi görsellerde yaşanan kalite düşüşü değil, içeriksel anlamda oyunun eksik kalmasıydı. Ubisoft ve geliştirici Massive Entertainment çıkarılan güncellemeler ve DLC\'ler ile her ne kadar oyunun eksikliklerini kapatıp, içeriksel olarak doyurucu bir yapım ile ilk Division\'ın sonuna gelse de, bir oyun çıktığında beklentilerin altında bir performans gösterirse, toplaması çok güç oluyor ve <b>The Division</b>\'da bu yüzden hiçbir zaman istediği noktaya ulaşamayan bir yapım olarak kalmıştı.</p>', 1, '', '106305_640.jpg', '2019-03-20'),
(29, 1, 2, 4, 'O bir efsane! O bir şeytan avcısı! O bir genç kızların sevgilisi! O bir...!', 'Devil May Cry 5, eski ve yeni nesil oyuncuları bir araya getirmeyi başarıyor', '<p>Devil May Cry 5 İncelemesi! Video oyun dünyasının en köklü serilerinden bir tanesi olan <b>Devil May Cry</b>, şüphesiz her oyunuyla (ikinci oyun hariç) belli bir kalite standardını yakalayarak oyuncuların karşısına çıkmayı başardı. Özellikle ilk oyunuyla video oyun dünyasında aksiyon oyunlarının bazı temellerini değiştiren seri, üçüncü ve dördüncü oyunuyla ağızlarda mükemmel bir tat bıraktı. Son olarak <b>DmC: Devil May Cry</b>’la birlikte seriyi İngilizlere emanet eden Capcom, hikayeyi baştan başlatmak istemişti. Fakat Devil May Cry hayranları, yeni Dante’nin özellikle görünüşüne fazla tepki gösterince, oyun kaliteli olsa bile <b>DmC: Devil May Cry</b>, ana seriye dahil edilmemişti.</p>', 2, '', '106131_640.jpg', '2019-03-20'),
(30, 1, 4, 4, 'Overwatch\'a yeni gelen kahraman Baptiste\'i detaylarıyla inceledik', 'Baptiste, destek sınıfına olan ilgiyi yükseletebilir.', '<p>Overwatch’un merak edilen 30. kahramanı olan <b>Baptiste</b>, geçtiğimiz gün ortaya çıktı. Kahraman ortaya çıkmadan önce ise Blizzard tarafından düzenlenen basın toplantısında, Overwatch’un diğer karakterleri ve Baptiste hakkında bilinmeyenleri detaylarıyla sizler için öğrendik. Katılım gösterdiğimiz özel basın toplantısında oyunun tasarımcılarından Michael Chu ve Geoff Goodman, Baptiste’in Overwatch\'a ne denli bir etkisi olacağını anlattı.</p><p>Karakter ve yetenek tabanlı bir <b>FPS </b>oyunu olan Overwatch’un maçları, şüphesiz bundan sonra Baptiste ile daha da renkli bir halde olacak.&nbsp; Hikayede <b>Omnic </b>savaşının ortasında doğan ve savaşın daha çocukken üzerinde bıraktığı izler yüzünden sıkıntılı bir yaşam geçiren <b>Baptiste</b>, yaşı büyüdükçe insanlara yardım etmekten kendini geri çekmiyor. Yardıma muhtaç insanlara yardımseverliği yüzünden, savaş alanında sıhhiye olmayı tercih eden karakterimiz, askeri kariyerini bu yol üzerinden şekillendiriyor. Daha sonrasında Overwatch evreninin kötü birliği <b>Talon</b>’da kendince bir iş bulan Baptiste, bu iş sayesinde biriktirdiği parayı ülkesi Haiti’de bulunan kliniğe bağışlıyor. Ancak zamanla Talon birliğinin göründüğü kadar hiç de masum olmadığını anlayan Baptiste, vakti geldiğinde bu birlikten ayrılmak istese de, birlikle olan bağlarını kolay kolay kopartamıyor.</p><p>En sonunda bir şekilde kendini Talon’dan koparmayı başaran <b>Baptiste</b>, geliştiricilerin belirttiğine göre karanlık bir geçmişe sahip. Küçüklükten bu yana içerisinde bulunduğu çevresel faktörler yüzünden kötü olayların altına imzasını atan karakterimiz, günün sonunda kendini Overwatch’un senaryosunu yakından takip oyunculara sevdirecek mi? Hep birlikte göreceğiz.</p><p><b>Brigitte </b>ve <b>Moira</b>’dan sonra Overwatch kadrosuna destek sınıfı olarak katılan yeni kahraman, <b>destek </b>sınıfının maçlarda daha fazla öne çıkmasını sağlayacak. Çünkü Brigitte dışında kalan karakterlerin, bugüne kadar pek fazla ofansif bir yapıda olmadığını söyleyebiliriz. Ancak Baptiste, bunun tam tersi olarak oldukça saldırıya yatkın bir şekilde oyun sırasında kontrolümüze verilecek.</p><p>Karaktere ilk baktığımızdaysa diğer destek sınıfı karakterlerinden farklı olarak, seri şekilde ateş eden bir taarruz tüfeğine sahip olduğunu görüyoruz. <b>Soldier 76</b>’ya benzer bir şekilde hasar vuran <b>Baptiste</b>, tahmin edildiği üzere diğer <b>DPS </b>karakterleri kadar hasar vuramıyor. Ancak geliştiriciler, doğru kullanıldığında bu silahın can yakabileceğinin altını çizdi. İki çeşit atış moduna sahip olan bu silahın, ikinci atış modunda ise takım arkadaşlarımıza yardım edebiliyoruz. Eğer ikinci atış modunda silahı kendi arkadaşlarınıza doğrultursanız, takım arkadaşlarınızın sağlık seviyesini seri bir şekilde yükseltebilirsiniz. Bu yüzden savaşlarda hasar vurma veya sağlık verme tercihini iyi bir şekilde yapmanız gerekiyor. Baptiste’in bu özelliğinin büyük oranda Ana karakterine benzediğini de rahatlıkla söyleyebiliriz.&nbsp;</p>', 3, '', '106049_640.jpg', '2019-03-20'),
(31, 1, 1, 5, 'Grafikleriyle dikkatleri çeken Russia 2055\'in demosu çıktı', 'Oyun hiç fena değil. ', '<p>Geçtiğimiz sene duyurulan ve küçük bir bağımsız geliştirici ekip tarafından geliştirilen <b>Russia 2055</b>\'ten yeni haber geldi. Oyunun geliştirme sürecinde büyük bir yol aldıklarını belirten geliştiriciler, oyunun sitesini güncelledi ve oyunun demosunu oyunculara sundu. Temelinde bir <b>FPS </b>oyunu olan<b> Russia 2055</b>, kıyamet sonrası bilim kurgu temasına sahip. Grafikleriyle dikkatleri üzerine çeken yapımın sistem gereksinimleri de yayınlanmış durumda. Yayınlanan sistem gereksinimlerine baktığımızda oyunun işlemci tarafında biraz yüksek seviyeli bir işlemciye ihtiyaç duyduğunu görüyoruz. Önümüzdeki sene çıkacağı tahmin edilen yapımın demosunu <b>5 dolar </b>karşılığında&nbsp;<a href=\"https://invictusvolition.itch.io/russia-2055\" target=\"_blank\">buradan</a> indirebilirsiniz.</p><p><b>Russia 2055 sistem gereksinimleri</b></p><p>- İşletim sistemi: 64-bit Windows 7, Windows 8.1 ve Windows 10<br>- İşlemci (AMD): AMD FX-8350<br>- İşlemci&nbsp;(Intel): Core i5 6600K<br>- Bellek: 8GB RAM<br>- Ekran kartı (NVIDIA): NVIDIA GeForce® GTX 1050 / NVIDIA GeForce® GTX 660 2GB<br>- Ekran kartı&nbsp;(AMD): AMD Radeon™ RX 560 / HD 7850 2GB<br>- DirectX: 11.0 destekli bir ekran kartı gerektiriyor<br>- Çevrimiçi oynamak için gereksinimler: 512 KBPS veya daha hızlı bir internet bağlantısı<br>- Gerekli sabit disk alanı: 50GB</p>', 3, '', '106286_640.jpg', '2019-03-18'),
(32, 1, 1, 6, 'Grafikleriyle dikkatleri çeken Russia 2055\'in demosu çıktı', 'Oyun hiç fena değil. ', '<p>Geçtiğimiz sene duyurulan ve küçük bir bağımsız geliştirici ekip tarafından geliştirilen <b>Russia 2055</b>\'ten yeni haber geldi. Oyunun geliştirme sürecinde büyük bir yol aldıklarını belirten geliştiriciler, oyunun sitesini güncelledi ve oyunun demosunu oyunculara sundu. Temelinde bir <b>FPS </b>oyunu olan<b> Russia 2055</b>, kıyamet sonrası bilim kurgu temasına sahip. Grafikleriyle dikkatleri üzerine çeken yapımın sistem gereksinimleri de yayınlanmış durumda. Yayınlanan sistem gereksinimlerine baktığımızda oyunun işlemci tarafında biraz yüksek seviyeli bir işlemciye ihtiyaç duyduğunu görüyoruz. Önümüzdeki sene çıkacağı tahmin edilen yapımın demosunu <b>5 dolar </b>karşılığında&nbsp;<a href=\"https://invictusvolition.itch.io/russia-2055\" target=\"_blank\">buradan</a> indirebilirsiniz.</p><p><b>Russia 2055 sistem gereksinimleri</b></p><p>- İşletim sistemi: 64-bit Windows 7, Windows 8.1 ve Windows 10<br>- İşlemci (AMD): AMD FX-8350<br>- İşlemci&nbsp;(Intel): Core i5 6600K<br>- Bellek: 8GB RAM<br>- Ekran kartı (NVIDIA): NVIDIA GeForce® GTX 1050 / NVIDIA GeForce® GTX 660 2GB<br>- Ekran kartı&nbsp;(AMD): AMD Radeon™ RX 560 / HD 7850 2GB<br>- DirectX: 11.0 destekli bir ekran kartı gerektiriyor<br>- Çevrimiçi oynamak için gereksinimler: 512 KBPS veya daha hızlı bir internet bağlantısı<br>- Gerekli sabit disk alanı: 50GB</p>', 406, '', '106286_640.jpg', '2019-03-18'),
(33, 1, 1, 1, 'Grafikleriyle dikkatleri çeken Russia 2055\'in demosu çıktı', 'Oyun hiç fena değil. ', '<p>Geçtiğimiz sene duyurulan ve küçük bir bağımsız geliştirici ekip tarafından geliştirilen <b>Russia 2055</b>\'ten yeni haber geldi. Oyunun geliştirme sürecinde büyük bir yol aldıklarını belirten geliştiriciler, oyunun sitesini güncelledi ve oyunun demosunu oyunculara sundu. Temelinde bir <b>FPS </b>oyunu olan<b> Russia 2055</b>, kıyamet sonrası bilim kurgu temasına sahip. Grafikleriyle dikkatleri üzerine çeken yapımın sistem gereksinimleri de yayınlanmış durumda. Yayınlanan sistem gereksinimlerine baktığımızda oyunun işlemci tarafında biraz yüksek seviyeli bir işlemciye ihtiyaç duyduğunu görüyoruz. Önümüzdeki sene çıkacağı tahmin edilen yapımın demosunu <b>5 dolar </b>karşılığında&nbsp;<a href=\"https://invictusvolition.itch.io/russia-2055\" target=\"_blank\">buradan</a> indirebilirsiniz.</p><p><b>Russia 2055 sistem gereksinimleri</b></p><p>- İşletim sistemi: 64-bit Windows 7, Windows 8.1 ve Windows 10<br>- İşlemci (AMD): AMD FX-8350<br>- İşlemci&nbsp;(Intel): Core i5 6600K<br>- Bellek: 8GB RAM<br>- Ekran kartı (NVIDIA): NVIDIA GeForce® GTX 1050 / NVIDIA GeForce® GTX 660 2GB<br>- Ekran kartı&nbsp;(AMD): AMD Radeon™ RX 560 / HD 7850 2GB<br>- DirectX: 11.0 destekli bir ekran kartı gerektiriyor<br>- Çevrimiçi oynamak için gereksinimler: 512 KBPS veya daha hızlı bir internet bağlantısı<br>- Gerekli sabit disk alanı: 50GB</p>', 7, '', '106286_640.jpg', '2019-03-18'),
(34, 1, 1, 1, 'Grafikleriyle dikkatleri çeken Russia 2055\'in demosu çıktı', 'Oyun hiç fena değil. ', '<p>Geçtiğimiz sene duyurulan ve küçük bir bağımsız geliştirici ekip tarafından geliştirilen <b>Russia 2055</b>\'ten yeni haber geldi. Oyunun geliştirme sürecinde büyük bir yol aldıklarını belirten geliştiriciler, oyunun sitesini güncelledi ve oyunun demosunu oyunculara sundu. Temelinde bir <b>FPS </b>oyunu olan<b> Russia 2055</b>, kıyamet sonrası bilim kurgu temasına sahip. Grafikleriyle dikkatleri üzerine çeken yapımın sistem gereksinimleri de yayınlanmış durumda. Yayınlanan sistem gereksinimlerine baktığımızda oyunun işlemci tarafında biraz yüksek seviyeli bir işlemciye ihtiyaç duyduğunu görüyoruz. Önümüzdeki sene çıkacağı tahmin edilen yapımın demosunu <b>5 dolar </b>karşılığında&nbsp;<a href=\"https://invictusvolition.itch.io/russia-2055\" target=\"_blank\">buradan</a> indirebilirsiniz.</p><p><b>Russia 2055 sistem gereksinimleri</b></p><p>- İşletim sistemi: 64-bit Windows 7, Windows 8.1 ve Windows 10<br>- İşlemci (AMD): AMD FX-8350<br>- İşlemci&nbsp;(Intel): Core i5 6600K<br>- Bellek: 8GB RAM<br>- Ekran kartı (NVIDIA): NVIDIA GeForce® GTX 1050 / NVIDIA GeForce® GTX 660 2GB<br>- Ekran kartı&nbsp;(AMD): AMD Radeon™ RX 560 / HD 7850 2GB<br>- DirectX: 11.0 destekli bir ekran kartı gerektiriyor<br>- Çevrimiçi oynamak için gereksinimler: 512 KBPS veya daha hızlı bir internet bağlantısı<br>- Gerekli sabit disk alanı: 50GB</p>', 7, '', '106286_640.jpg', '2019-03-18'),
(35, 1, 1, 1, 'No Man\'s Sky\'ın yeni büyük güncellemesine hazır olun!', 'Oyun büyük oranda değişecek. ', '<p>Geride bıraktığımız senelerde çıkan ve çıktığı sene söz verdiklerini yerine getiremeyen <b>No Man\'s Sky</b>, uzun bir süre boyunca gündemi meşgul etmişti. Bir türlü oyuncuları memnun edemeyen yapım, <b>Next </b>güncellemesine kadar maalesef oyuncuları kendine bağlayamamıştı. Ancak oyunun geliştiricisi <b>Hello Games</b>, söz verdiklerinin arkasında durdu ve duyurduğu bütün yenilikleri oyunculara sundu. Güncellemeleri ücretsiz bir şekilde oyunculara sunan geliştiriciler, Next güncellemesinde oldukça geniş bir çevrimiçi odaklı güncelleme getirmişti.</p><h2>No Man\'s Sky için büyük bir güncelleme geliyor!</h2><p>Şimdi ise <b>Hello Games</b>\'in odağında <b>No Man\'s Sky</b> evrenini daha büyütmek var. Oyun için Next güncellemesinin ardından <b>Beyond </b>güncellemesini duyuran geliştiriciler, tahminlere göre No Man\'s Sky\'a <b>MMORPG </b>mekaniklere ekleyecek. Oyuncuları daha fazla bir araya getirecek olan bu güncelleme sonrasında No Man\'s Sky\'ın oyun sonu içerikleri oldukça artacak. Belirtilenlere göre güncellemeyle birlikte gezegenlerde yeni atmosfer olayları bizi bekliyor olacak. Sert iklime sahip gezegenlerde değerli madenler bulabileceğiz. Ayrıca gezegenlerdeki gökyüzü yapısı da rastgele olarak değişecek.</p><p>Bakalım oyunun geliştiricileri, bu kez oyuncuları kendini affettirebilecek mi? Hep beraber göreceğiz.</p>\r\n', 5, '', '106285_640.jpg', '2019-03-17'),
(36, 1, 1, 1, 'Derecelendirme şirketi Castlevania Collection sürümünü listeledi', 'Tüm Castlevania oyunları bir pakette ', '<p>Derecelendirme şirketi <b>Castlevania Collection</b> sürümünü listeledi. Bir süredir P.E.S dışında sesi sedası çıkmayan bir dönemin en büyük oyun şirketleri arasında yer alan<b> Konami Castlevania</b> markasının da isim haklarını elinde bulunduruyor.&nbsp;Avustralya Sınıflandırma Kurulu’nca yapılan son başvuruya göre, Konami, Castlevania Anniversary Collection adında çok platformlu bir oyun için başvuru yaptı.</p><h2>Derecelendirme şirketi Castlevania Collection sürümünü listeledi</h2><p>Yapılan listelemede çok fazla ayrıntı paylaşılmamış olmakla birlikte, oyunda hafif fantezi temaları, şiddet öğeleri ve PG yaş sınırı bulunuyor. İlk Castlevania sürümünüden bu yana 33 ııl geride kaldı. NES için yayınlanan ilk <b>Castlevania 26 Eylül 1986</b> yılında yayınlanmıştı.&nbsp;Castlevania Collection sürümü için bir çakış tarihi bilgisi henüz yok.&nbsp;Castlevania Collection adlı pakette hangi oyunların yer alacağı bilinmiyor. Tabii bu listeleme sadece bir marka yer tutma çalışması da olabilir. Son yıllarda Netflix\'te yayınlanan Castlevania animesi ile birlikte,&nbsp;Castlevania markasının bilinirliği biraz daha artmış gibi görünüyor. Netflix&nbsp;Castlevania oyunlarından uyarlanan anime serisinin üçüncü sezonu için de onay vermişti. Konami bu yeni akımdan yararlanmak isteyecektir.&nbsp;</p>\r\n', 2, '', '106284_640.jpg', '2019-03-17'),
(37, 1, 1, 2, 'Dövüş oyunu Dead or Alive 6\'nın ücretsiz sürümü yayınlandı', 'Dövüş oyunu sevenler için güzel haber. ', '<p>Grafikleriyle dikkatleri üzerine toplayan <b>Dead or Alive 6</b>, geçtiğimiz günlerde sevenlerinin karşısına çıktı. <b>PlayStation 4, Xbox One</b> ve <b>PC </b>platformları için piyasaya çıkan yapım, karakter kadrosuyla göz dolduruyor. Beşinci oyunun üzerine pek fazla bir şey koyamayan yapım, inceleme notlarında pek yüksek puan alamamıştı. Fakat geliştiriciler şimdi beşinci oyunda olduğu gibi yeni oyunun ücretsiz sürümünü piyasaya sürecek.&nbsp;<b>Dead or Alive 6: Core Fighters</b> adını alan versiyonda 4 adet oynanabilir karakter olacak. Birçok oyun modunu <b>ücretsiz </b>yapan geliştiriciler, bu dört karakterin devamlı olarak değişeceğini söylüyor. Geliştirici ekibin açıklamasına göre eğer oyuncular başka karakter açmak isterse, ücret ödeyerek yeni karakterlere erişebilecek.</p><p>PSN, Xbox Store ve Steam üzerinde yayınlanan oyunun sistem gereksinimleri ise şu şekilde;</p><p><b>Dead or Alive 6: Core Fighters&nbsp;6 Minimum sistem gereksinimleri</b></p><p>İşletim Sistemi: Windows 7 64-bit<br>CPU: Intel Core i5-4690 3.5 GHz veya AMD FX-8370 4.1 GHz<br>RAM: 8 GB sistem belleği<br>GPU RAM: 2 GB Video belleği<br>GPU: GeForce GTX 770 veyaRadeon R9 280X<br>DX: DirectX 11<br>HDD: 50 GB gerekli alan</p><p><b>Dead or Alive 6: Core Fighters&nbsp;Önerilen sistem gereksinimleri</b></p><p>İşletim Sistemi: Windows 10 64-bit<br>CPU: Intel Core i7-8700 3.2 GHz veya AMD Ryzen 7 2700 3.2 GHz<br>RAM: 16 GB sistem belleği<br>GPU RAM: 6 GB Video belleği<br>GPU: Nvidia GeForce GTX 1060 6GB veya AMD Radeon RX 580 8GB<br>DX: DirectX 12<br>HDD: 50 GB gerekli alan</p>\r\n', 2, '', '106281_640.jpg', '2019-03-17'),
(38, 1, 1, 2, 'Mortal Kombat 11\'in hikayesinin uzunluğu oyuncuları memnun etmeyebilir', 'Oyun nasıl olacak? ', '<p>Bu senenin en iddialı dövüş oyunlarından bir tanesi olan <b>Mortal Kombat 11</b>, <b>23 </b>Nisan tarihinde sevenlerinin karşısına çıkacak. Hikaye açısından dokuzuncu oyundan bu yana ortaya güzel bir iş koyan geliştiriciler ise yeni oyunda yine ilgi çekici bir senaryoyla karşımıza çıkacak. Ancak bu senaryonun uzunluğu, sıkı <b>Mortal Kombat </b>takipçilerini memnun etmeyebilir. Geçtiğimiz günlerde oyunun hikayesinin <b>8 saat</b> süreceğini açıklayan geliştiriciler, bu sürenin hikaye için yeterli olduğunu düşünüyorlar. Dövüşleri sinematik sahnelerle süsleyen geliştiriciler, oynaması güzel bir hikaye sunabiliyor. Dokuzuncu oyunda hikaye uzunluğu açısından sevenlerini tatmin eden <b>NetherRealm</b>, onuncu oyunda hikaye pek fazla uzun olmadığı için oyuncuları üzmüştü.</p><h2>Mortal Kombat 11 hikaye modu uzunluğu</h2><p>Şimdi ise yeni oyunun hikaye uzunluğunun 8 saat olarak açıklanmasından sonra bazı oyuncular geliştiricilere kızdı. <b>Twitter </b>ve <b>Reddit </b>forumları üzerinden oyunun daha uzun olmasını dile getiren oyuncular, umarız oyun çıktığında hikayeden memnun kalır.</p><p>Yeni oyunda <b>Kronika </b>isimli zaman büken savaşçıya karşı mücadele edeceğiz. <b>PS4, Xbox One, Switch </b>ve <b>PC </b>platformlarına çıkacak olan oyunu ön sipariş yaparsanız <b>Shao Kahn </b>karakterine erişebilirsiniz.</p>\r\n', 1, '', '106280_640.jpg', '2019-03-17'),
(39, 1, 1, 1, 'En çok şikayet edilen hata M&B II: Bannerlord\'da düzeliyor', 'Beklenen özellik Mount & Blade II: Bannerlord\'a eklendi ', '                                    <p><b>Mount &amp; Blade II: Bannerlord</b>\'da oyuncuların en çok şikayet ettiği hatalardan biri sonunda düzeliyor.&nbsp;Mount &amp; Blade serisini yakından takip eden oyuncuların bildiği üzere, karakterimiz at üstündeyken atın dizginini tutmaz, daha çok tutar gibi yapardı. At üstünde cenk ederken ya da dört nala koştururken, atın dizginini tutmadan adeta Cüneyt Arkın edasıyla atın üstünde durmak her ne kadar havalı görünse de çok da gerçekçi görünmüyordu. Taleworlds geliştirici ekibi gelen yüzlerce yorum sonucunda bu göze hoş gelmeyen hatayı düzeltmiş. Artık karakterimiz atın dizginini tutuyor!</p><h2>Mount &amp; Blade II: Bannerlord ne zaman çıkacak?</h2><p><b>Mount &amp; Blade II: Bannerlord</b>\'da artık atın üzerine farklı eğer ve zırhlar da takabileceğiz. Taleworlds eğer ve zırh çeşitliliği konusunda oyuncuların yüzünü güldürmeyi hedefliyor. Yapımcı firma at fiziği ve karakter fiziği konusunda oldukça gelişme kat etti. Yeni kumaş fiziği ile birlikte, Atların yeleleri ve kuyruklarındaki hareketlilik Atların dizginlerinde de  kullanılmış ve ortaya gerçekçi görünen bir animasyon çıkmış. Geliştirici günlüklerinde yayınlanan yeni dizgin fiziği giflerine <a href=\"https://steamcommunity.com/games/261550/announcements/detail/1797406038079052327\">buradan </a>bakabilirsiniz.&nbsp;</p>', 1, '', '106278_640.jpg', '2019-03-17'),
(40, 1, 1, 2, 'PAX East etkinliğinde duyurulacak oyun Borderlands 3 olmayabilir', 'Borderlans 3 duyurulacak mı duyurulmayacak mı? ', '                                    <p><b>Borderlands 3</b>, Gearbox\'ın<b> PAX East </b>etkinliğinde duyurulmayabilir.&nbsp; 28 Mart 2019, 31 Mart 2019&nbsp; tarihleri arasında düzenlenecek olan PAX East etkinliğinde Borderlands\'i geliştiren Gearbox\'ın sürpriz duyuruları olacağını biliyoruz. Gearbox resmi twitter hesabı üzerinden bazı paylaşımlar yaparak oyuncuların ilgisini PAX East etkinliğindeki sunuma çekmek istiyor. Gearbox\'ın twitter hesabı üzerinden yayınlanan byeni bir görsel pek de Borderlands 3\'e aitmiş gibi görünmüyor.</p><h2>Borderlands 3 ne zaman çıkacak?</h2><p><b>PAX East</b> etkinliğinde <b>Gearbox</b>\'ın birden fazla duyuru yapacağı açıklanmıştı. Firmanın resmi twitter hesabından paylaşılan yeni bir görsel heyecan yaratmış ve <b>Borderlands 3</b> söylentilerine sebep olmuştu. Yeni paylaşılan görsel farklı yorumların yapılmasına sebep oldu. Görselde Borderlands 2\'ye ait olan bir bölge göze çarpıyor. Yeni duyurunun Borderlands 2 ile ilgili olma ihtimali üzerinde duruluyor. Ya da Borderlands 3, Borderlands 2 ile aynı bölgelerde geçecek. Sadece bir görselden tahmin yapmak zor. Gearbox\'ın da ilgiyi çekmek için gizem yarattığı bir gerçek. Bakalım PAX East etkinliğinde duyurulacak oyun ne olacak. Biz de merakla bekliyoruz.&nbsp;</p><p></p><figure><img alt=\"PAX East etkinliğinde duyurulacak oyun Borderlands 3 olmayabilir\" class=\"image\" src=\"https://www.merlininkazani.com/images/games/8801/Borderlands-3_3.jpg\"></figure><p></p>', 1, '', '106276_640.jpg', '2019-03-18'),
(41, 1, 1, 3, 'Fade to Silence\'ın tam sürüme geçeceği tarih belli oldu', 'Oyunu bekleyenler için güzel haber. ', '                                    <p>Geçtiğimiz senelerde erken erişime giren dikkat çekici oyun <b>Fade to Silence</b>, nihayet tam sürüme <b>30 Nisan </b>tarihinde geçiş yapıyor. Hikaye odaklı bir oyun olan Fade to Silence, kıyamet sonrası bir dünyada geçiyor. Aksiyon sahneleriyle oyuncuları heyecanlandıran ve bazı açılardan <b>Dark Souls </b>serisine de benzeyen yapım, hayatta kalma öğeleri de içeriyor.</p><h2>Fade to Silence\'ın tam sürüme geçiyor</h2><p>Keşif yönünden zevkli olan <b>Fade to Silence</b>, buzla kaplanmış bir arazide geçiyor. Grafikleriyle de dikkat çeken oyun, <b>110 TL</b>\'ye satılıyor. PC platformun yanında konsol platformuna da geleceğini tahmin ettiğimiz Fade to Silence\'ın sistem gereksinimleri şu şekilde;</p><p>MİNİMUM:</p><p>64-bit işlemci ve işletim sistemi gerektirir<br>İşletim Sistemi: Windows 7/8/10 64bit<br>İşlemci: Intel Core i5-2400/AMD FX-8320 veya daha iyisi<br>Bellek: 8 GB RAM<br>Ekran Kartı: NVIDIA GeForce GTX 760 veya AMD Radeon R9 270 (2gb veya daha fazlası)<br>Depolama: 30 GB kullanılabilir alan</p><p>ÖNERİLEN:</p><p>64-bit işlemci ve işletim sistemi gerektirir<br>İşletim Sistemi: Windows 10 64bit<br>İşlemci: Intel Core i7-3770/AMD FX-8350 veya daha iyisi<br>Bellek: 12 GB RAM<br>Ekran Kartı: NVIDIA GeForce GTX 1060 veya AMD Radeon RX 480<br>Depolama: 30 GB kullanılabilir alan</p>', 1, '', '106275_640.jpg', '2019-03-18'),
(42, 1, 1, 3, 'Hayatta kalma oyunu Green Hell\'den erteleme haberi geldi', 'Yapımcı firma oyun motorunu değiştirdi ', '                                    <p><b>Green Hell</b> <b>2019 </b>yazına ertelendi. Daha önce<b> Dying Light</b> ve <b>Dead Island</b> projelerinde çalışmış geliştiricilerin kurduğu, Creepy Jar Studio tarafından geliştirilen hikaye odaklı hayatta kalma oyunu Green Hell\'den erteleme haberi geldi.&nbsp; 29 Ağustos 2018\'de Steam\'de erken erişime giren oyun grafikleri ve gerçekçi oynanış mekanikleri ile dikkat çekiyordu. Yapımcı firma yeni bir grafik motoruna geçtiklerini ve hikaye modunu daha fazla cilalamak istedikleri için oyunu ertelediklerini duyurdu.&nbsp;</p><h2>Hayatta kalma oyunu Green Hell\'in çıkış tarihi 2019 yazına ertelendi</h2><p>Yapımcı firma Steam üzerinden yayınladıkları blogda erteleme haberi ile ilgili olarak şu açıklamayı yaptı;&nbsp;</p><p>\"Desteğiniz için hepinize teşekkür ederek başlamak istiyoruz, Green Hell siz olmadan çok anlamsız olurdu. Şeffaflık adına,<b> Green Hell</b>\'in tamamını yayınlamak için fazladan zamana ihtiyacımız olduğunu bilmenizi isteriz. Daha iyi grafikler ve daha iyi bir deneyim sunmak için <b>Unity 2017</b>\'den<b> Unity 2018</b>\'e geçmeye karar verdik. Bu aynı zamanda hikaye modunun potansiyelini tam olarak anlamamıza, büyük bir harita genişletmesi eklemenize, yeni düşmanlar eklememize, geri bildirimlerinizi uygulamamıza ve daha pek çok şeye yardımcı olacak. Yeni çıkış tarihimiz <b>2019 Yaz.</b>\"</p>', 1, '', '106274_640.jpg', '2019-03-18'),
(43, 1, 16, 1, 'Sınav döneminde PUBG Mobil oynayan oyuncular tutuklanıyor', 'PUBG Mobil oynamak suç oldu! ', '                                    <p><b>PUBG Mobile</b> oynayan öğrenciler göz altına alınıyor. <b>Hindistan</b>\'da gerçekleşen olayda, <b>Rajkot </b>şehrinde sınav döneminde PUBG Mobile oynadıkları gerekçesiyle öğrenciler, Hint Polisi tarafından göz atlına alındı. Gucerat Eyaleti\'nin belirli yerlerinde oynaması yasak olan PUBG Mobile, <b>MOMO </b>ile birlikte gençlere kötü örnek olduğu gerekçesiyle yasaklı bulunuyor. Rajkot\'da gerçekleşen yasaklamanın ardından 10\'dan fazla kişinin PUBG Mobile oynadıkları gerekçesiyle göz altına alındıkları bildirildi.&nbsp;</p><h2>Sınav döneminde PUBG Mobil oynayan oyuncular tutuklanıyor</h2><p><b>The Indian Express</b>\'e konuşan polis komiseri Manoj Agrawal şu ana kadar toplam 12 davanın kayda geçirildiğini, tutuklanan şahısların yasaklara uymadıkları gerekçesiyle mahkemeye çıkartılacağını belirtti.&nbsp;&nbsp;Rajkot Özel Harekat Polisi, <b>The Indian Express</b>\'e dün polis merkezinin yakınında üç genç adamı tutukladığını söyledi. Polis, erkeklerin cep telefonlarını “soruşturma amacıyla” ele geçirdi. Tutuklananların kefaletle serbest bırakılma ihtimalleri de bulunuyor.&nbsp;</p><p><b>PUBG Mobile</b>\'ın&nbsp; Rajkot\'ta&nbsp; 9 ila 30 Mart tarihleri arasında yasaklı olarak kalacağı belirtiliyor.&nbsp; Akademik sınav döneminde uygulanan yasaklama sonucunda, öğrencilerin sınavlara konsantre olması sağlanmaya çalışılıyor. Ancak göz altına alınan öğrencilerin sınavlara nasıl hazırlanacakları ise merak konusu.&nbsp;</p><p></p><figure><img alt=\"Sınav döneminde PUBG Mobil oynayan oyuncular tutuklanıyor\" class=\"image\" src=\"https://www.merlininkazani.com/images/games/11778/Playerunknowns-Battlegrounds_39.jpg\"></figure><p></p>', 3, '', '106272_640.jpg', '2019-03-17'),
(44, 1, 1, 2, 'Total War: Three Kingdoms için sistem gereksinimleri yayınlandı', 'Oyun, bilgisayarınız için yeterli mi? ', '<p>Total War serisinini yeni oyunu <b>Total War: Three Kingdoms</b>\'ı bekleyen oyuncular için sistem gereksinimleri yayınlandı. PC platformunun gözde strateji serilerinden bir tanesi olan <b>Total</b> <b>War</b>, beklendiği gibi pek yüksek bir sistem istemeyecek. 23 Mayıs tarihinde çıkacak olan yapım, ertelenmeler yüzünden takipçilerini üzmüştü. Oyunun nihayet piyasaya çıkması, Total War serisine hayran oyuncuları mutlaka sevindirecek. Diğer bir yandan geliştirici ekibin Total War haricinde yeni bir FPS oyunu üzerinde de çalıştığını belirtelim.</p><h2>Total War: Three Kingdoms sistem gereksinimleri</h2><p>PC Minimum gereksinimler (Entegre)</p><p>İşletim sistemi: Windows 7 64 Bit<br>İşlemci: i7-8550U 1.80GHz<br>RAM: 6GB<br>Ekran kartı: Intel UHD Graphics 620</p><p>PC Minimum gereksinimler</p><p>İşletim sistemi: Windows 7 64 Bit<br>İşlemci: Intel Core 2 Duo 3.00Ghz<br>RAM: 4GB<br>Ekran kartı: GTX 650 Ti | HD 7850 1GB VRAM</p><p>PC Önerilen gereksinimler</p><p>İşletim sistemi: Windows 10 64 Bit<br>İşlemci: Intel i5-6600 | Ryzen 5 2600X<br>RAM: 8GB<br>Ekran kartı: GTX 970 | R9 Fury X 4GB VRAM</p><p>PC 60 FPS+ gereksinimleri</p>İşletim sistemi: Windows 10 64 Bit<br><p>İşlemci: Intel® Core™ Intel i7-8700K<br>RAM: 8GB<br>Video Card: NVIDIA GeForce GTX 1080 | NVIDIA GeForce RTX 2060</p>', 6, '', '106271_640.jpg', '2019-03-17'),
(45, 1, 1, 1, 'DMC 5\'e gelecek olan Bloody Palace\'ın çıkış tarihi açıklandı', 'Beklenen mod yakında bizlerle!', '                                    <p>Bu senenin en iyi aksiyon oyunlarından bir tanesi olan <b>Devil May Cry 5</b>, sahip olduğu oynanış mekanikleri sayesinde oyuncuları kendine bağlamayı başardı. <b>Dante, Nero</b> ve <b>V </b>karakterlerini oyuna oynanabilir olarak ekleyen geliştiriciler, oyuna ücretsiz olarak getirilecek Bloody Palace\'ın çıkış tarihini açıkladı. Capcom tarafından açıklanan bilgiye göre <b>Bloody Palace </b>güncellemesi, <b>1 Nisan </b>tarihinde Devil May Cry 5 için çıkacak. Eski oyunlarda da bulunan Bloody Palace modu, bölümlerden meydana geliyor. Her bir bölümde zorlu düşmanları öldürerek kendimizi test ediyoruz. Devil May Cry 5\'in <b>kombo </b>sistemini seven oyuncuların tercih ettiği Bloody Palace bölümlerinin en sonunda Bloody Palace\'ın tepesine çıkıp modu bitirebiliyoruz. Fakat bu modun göründüğü kadar kolay olmadığını belirtelim.</p><h2>Devil May Cry 5\'in Bloody Palace modu ne zaman çıkacak?</h2><p>Her bölümde düşman zorluğunun artmasının yanı sıra oynadığınız karakterin kombolarını çok iyi bilmeniz gerekiyor. Diğer bir yandan <b>Bloody Palace </b>güncellemesiyle birlikte oyuna yeni bir oynanabilir karakterin daha geleceği tahmin ediliyor. Eğer hikayede ilerlediyseniz, bu karakterin kim olduğunu rahatlıkla tahmin edebilirsiniz.</p>', 1, '', '106268_640.jpg', '2019-03-17'),
(46, 1, 1, 1, 'No Man\'s Sky\'ın yeni büyük güncellemesine hazır olun!', 'Oyun büyük oranda değişecek. ', '<p>Geride bıraktığımız senelerde çıkan ve çıktığı sene söz verdiklerini yerine getiremeyen <b>No Man\'s Sky</b>, uzun bir süre boyunca gündemi meşgul etmişti. Bir türlü oyuncuları memnun edemeyen yapım, <b>Next </b>güncellemesine kadar maalesef oyuncuları kendine bağlayamamıştı. Ancak oyunun geliştiricisi <b>Hello Games</b>, söz verdiklerinin arkasında durdu ve duyurduğu bütün yenilikleri oyunculara sundu. Güncellemeleri ücretsiz bir şekilde oyunculara sunan geliştiriciler, Next güncellemesinde oldukça geniş bir çevrimiçi odaklı güncelleme getirmişti.</p><h2>No Man\'s Sky için büyük bir güncelleme geliyor!</h2><p>Şimdi ise <b>Hello Games</b>\'in odağında <b>No Man\'s Sky</b> evrenini daha büyütmek var. Oyun için Next güncellemesinin ardından <b>Beyond </b>güncellemesini duyuran geliştiriciler, tahminlere göre No Man\'s Sky\'a <b>MMORPG </b>mekaniklere ekleyecek. Oyuncuları daha fazla bir araya getirecek olan bu güncelleme sonrasında No Man\'s Sky\'ın oyun sonu içerikleri oldukça artacak. Belirtilenlere göre güncellemeyle birlikte gezegenlerde yeni atmosfer olayları bizi bekliyor olacak. Sert iklime sahip gezegenlerde değerli madenler bulabileceğiz. Ayrıca gezegenlerdeki gökyüzü yapısı da rastgele olarak değişecek.</p><p>Bakalım oyunun geliştiricileri, bu kez oyuncuları kendini affettirebilecek mi? Hep beraber göreceğiz.</p>\r\n', 5, '', '106285_640.jpg', '2019-03-17'),
(47, 1, 1, 1, 'Derecelendirme şirketi Castlevania Collection sürümünü listeledi', 'Tüm Castlevania oyunları bir pakette ', '<p>Derecelendirme şirketi <b>Castlevania Collection</b> sürümünü listeledi. Bir süredir P.E.S dışında sesi sedası çıkmayan bir dönemin en büyük oyun şirketleri arasında yer alan<b> Konami Castlevania</b> markasının da isim haklarını elinde bulunduruyor.&nbsp;Avustralya Sınıflandırma Kurulu’nca yapılan son başvuruya göre, Konami, Castlevania Anniversary Collection adında çok platformlu bir oyun için başvuru yaptı.</p><h2>Derecelendirme şirketi Castlevania Collection sürümünü listeledi</h2><p>Yapılan listelemede çok fazla ayrıntı paylaşılmamış olmakla birlikte, oyunda hafif fantezi temaları, şiddet öğeleri ve PG yaş sınırı bulunuyor. İlk Castlevania sürümünüden bu yana 33 ııl geride kaldı. NES için yayınlanan ilk <b>Castlevania 26 Eylül 1986</b> yılında yayınlanmıştı.&nbsp;Castlevania Collection sürümü için bir çakış tarihi bilgisi henüz yok.&nbsp;Castlevania Collection adlı pakette hangi oyunların yer alacağı bilinmiyor. Tabii bu listeleme sadece bir marka yer tutma çalışması da olabilir. Son yıllarda Netflix\'te yayınlanan Castlevania animesi ile birlikte,&nbsp;Castlevania markasının bilinirliği biraz daha artmış gibi görünüyor. Netflix&nbsp;Castlevania oyunlarından uyarlanan anime serisinin üçüncü sezonu için de onay vermişti. Konami bu yeni akımdan yararlanmak isteyecektir.&nbsp;</p>\r\n', 2, '', '106284_640.jpg', '2019-03-17'),
(48, 1, 1, 2, 'Dövüş oyunu Dead or Alive 6\'nın ücretsiz sürümü yayınlandı', 'Dövüş oyunu sevenler için güzel haber. ', '<p>Grafikleriyle dikkatleri üzerine toplayan <b>Dead or Alive 6</b>, geçtiğimiz günlerde sevenlerinin karşısına çıktı. <b>PlayStation 4, Xbox One</b> ve <b>PC </b>platformları için piyasaya çıkan yapım, karakter kadrosuyla göz dolduruyor. Beşinci oyunun üzerine pek fazla bir şey koyamayan yapım, inceleme notlarında pek yüksek puan alamamıştı. Fakat geliştiriciler şimdi beşinci oyunda olduğu gibi yeni oyunun ücretsiz sürümünü piyasaya sürecek.&nbsp;<b>Dead or Alive 6: Core Fighters</b> adını alan versiyonda 4 adet oynanabilir karakter olacak. Birçok oyun modunu <b>ücretsiz </b>yapan geliştiriciler, bu dört karakterin devamlı olarak değişeceğini söylüyor. Geliştirici ekibin açıklamasına göre eğer oyuncular başka karakter açmak isterse, ücret ödeyerek yeni karakterlere erişebilecek.</p><p>PSN, Xbox Store ve Steam üzerinde yayınlanan oyunun sistem gereksinimleri ise şu şekilde;</p><p><b>Dead or Alive 6: Core Fighters&nbsp;6 Minimum sistem gereksinimleri</b></p><p>İşletim Sistemi: Windows 7 64-bit<br>CPU: Intel Core i5-4690 3.5 GHz veya AMD FX-8370 4.1 GHz<br>RAM: 8 GB sistem belleği<br>GPU RAM: 2 GB Video belleği<br>GPU: GeForce GTX 770 veyaRadeon R9 280X<br>DX: DirectX 11<br>HDD: 50 GB gerekli alan</p><p><b>Dead or Alive 6: Core Fighters&nbsp;Önerilen sistem gereksinimleri</b></p><p>İşletim Sistemi: Windows 10 64-bit<br>CPU: Intel Core i7-8700 3.2 GHz veya AMD Ryzen 7 2700 3.2 GHz<br>RAM: 16 GB sistem belleği<br>GPU RAM: 6 GB Video belleği<br>GPU: Nvidia GeForce GTX 1060 6GB veya AMD Radeon RX 580 8GB<br>DX: DirectX 12<br>HDD: 50 GB gerekli alan</p>\r\n', 2, '', '106281_640.jpg', '2019-03-17'),
(49, 1, 1, 2, 'Mortal Kombat 11\'in hikayesinin uzunluğu oyuncuları memnun etmeyebilir', 'Oyun nasıl olacak? ', '<p>Bu senenin en iddialı dövüş oyunlarından bir tanesi olan <b>Mortal Kombat 11</b>, <b>23 </b>Nisan tarihinde sevenlerinin karşısına çıkacak. Hikaye açısından dokuzuncu oyundan bu yana ortaya güzel bir iş koyan geliştiriciler ise yeni oyunda yine ilgi çekici bir senaryoyla karşımıza çıkacak. Ancak bu senaryonun uzunluğu, sıkı <b>Mortal Kombat </b>takipçilerini memnun etmeyebilir. Geçtiğimiz günlerde oyunun hikayesinin <b>8 saat</b> süreceğini açıklayan geliştiriciler, bu sürenin hikaye için yeterli olduğunu düşünüyorlar. Dövüşleri sinematik sahnelerle süsleyen geliştiriciler, oynaması güzel bir hikaye sunabiliyor. Dokuzuncu oyunda hikaye uzunluğu açısından sevenlerini tatmin eden <b>NetherRealm</b>, onuncu oyunda hikaye pek fazla uzun olmadığı için oyuncuları üzmüştü.</p><h2>Mortal Kombat 11 hikaye modu uzunluğu</h2><p>Şimdi ise yeni oyunun hikaye uzunluğunun 8 saat olarak açıklanmasından sonra bazı oyuncular geliştiricilere kızdı. <b>Twitter </b>ve <b>Reddit </b>forumları üzerinden oyunun daha uzun olmasını dile getiren oyuncular, umarız oyun çıktığında hikayeden memnun kalır.</p><p>Yeni oyunda <b>Kronika </b>isimli zaman büken savaşçıya karşı mücadele edeceğiz. <b>PS4, Xbox One, Switch </b>ve <b>PC </b>platformlarına çıkacak olan oyunu ön sipariş yaparsanız <b>Shao Kahn </b>karakterine erişebilirsiniz.</p>\r\n', 1, '', '106280_640.jpg', '2019-03-17'),
(50, 1, 1, 1, 'En çok şikayet edilen hata M&B II: Bannerlord\'da düzeliyor', 'Beklenen özellik Mount & Blade II: Bannerlord\'a eklendi ', '                                    <p><b>Mount &amp; Blade II: Bannerlord</b>\'da oyuncuların en çok şikayet ettiği hatalardan biri sonunda düzeliyor.&nbsp;Mount &amp; Blade serisini yakından takip eden oyuncuların bildiği üzere, karakterimiz at üstündeyken atın dizginini tutmaz, daha çok tutar gibi yapardı. At üstünde cenk ederken ya da dört nala koştururken, atın dizginini tutmadan adeta Cüneyt Arkın edasıyla atın üstünde durmak her ne kadar havalı görünse de çok da gerçekçi görünmüyordu. Taleworlds geliştirici ekibi gelen yüzlerce yorum sonucunda bu göze hoş gelmeyen hatayı düzeltmiş. Artık karakterimiz atın dizginini tutuyor!</p><h2>Mount &amp; Blade II: Bannerlord ne zaman çıkacak?</h2><p><b>Mount &amp; Blade II: Bannerlord</b>\'da artık atın üzerine farklı eğer ve zırhlar da takabileceğiz. Taleworlds eğer ve zırh çeşitliliği konusunda oyuncuların yüzünü güldürmeyi hedefliyor. Yapımcı firma at fiziği ve karakter fiziği konusunda oldukça gelişme kat etti. Yeni kumaş fiziği ile birlikte, Atların yeleleri ve kuyruklarındaki hareketlilik Atların dizginlerinde de  kullanılmış ve ortaya gerçekçi görünen bir animasyon çıkmış. Geliştirici günlüklerinde yayınlanan yeni dizgin fiziği giflerine <a href=\"https://steamcommunity.com/games/261550/announcements/detail/1797406038079052327\">buradan </a>bakabilirsiniz.&nbsp;</p>', 1, '', '106278_640.jpg', '2019-03-17'),
(51, 1, 1, 2, 'PAX East etkinliğinde duyurulacak oyun Borderlands 3 olmayabilir', 'Borderlans 3 duyurulacak mı duyurulmayacak mı? ', '                                    <p><b>Borderlands 3</b>, Gearbox\'ın<b> PAX East </b>etkinliğinde duyurulmayabilir.&nbsp; 28 Mart 2019, 31 Mart 2019&nbsp; tarihleri arasında düzenlenecek olan PAX East etkinliğinde Borderlands\'i geliştiren Gearbox\'ın sürpriz duyuruları olacağını biliyoruz. Gearbox resmi twitter hesabı üzerinden bazı paylaşımlar yaparak oyuncuların ilgisini PAX East etkinliğindeki sunuma çekmek istiyor. Gearbox\'ın twitter hesabı üzerinden yayınlanan byeni bir görsel pek de Borderlands 3\'e aitmiş gibi görünmüyor.</p><h2>Borderlands 3 ne zaman çıkacak?</h2><p><b>PAX East</b> etkinliğinde <b>Gearbox</b>\'ın birden fazla duyuru yapacağı açıklanmıştı. Firmanın resmi twitter hesabından paylaşılan yeni bir görsel heyecan yaratmış ve <b>Borderlands 3</b> söylentilerine sebep olmuştu. Yeni paylaşılan görsel farklı yorumların yapılmasına sebep oldu. Görselde Borderlands 2\'ye ait olan bir bölge göze çarpıyor. Yeni duyurunun Borderlands 2 ile ilgili olma ihtimali üzerinde duruluyor. Ya da Borderlands 3, Borderlands 2 ile aynı bölgelerde geçecek. Sadece bir görselden tahmin yapmak zor. Gearbox\'ın da ilgiyi çekmek için gizem yarattığı bir gerçek. Bakalım PAX East etkinliğinde duyurulacak oyun ne olacak. Biz de merakla bekliyoruz.&nbsp;</p><p></p><figure><img alt=\"PAX East etkinliğinde duyurulacak oyun Borderlands 3 olmayabilir\" class=\"image\" src=\"https://www.merlininkazani.com/images/games/8801/Borderlands-3_3.jpg\"></figure><p></p>', 1, '', '106276_640.jpg', '2019-03-18'),
(52, 1, 1, 3, 'Fade to Silence\'ın tam sürüme geçeceği tarih belli oldu', 'Oyunu bekleyenler için güzel haber. ', '                                    <p>Geçtiğimiz senelerde erken erişime giren dikkat çekici oyun <b>Fade to Silence</b>, nihayet tam sürüme <b>30 Nisan </b>tarihinde geçiş yapıyor. Hikaye odaklı bir oyun olan Fade to Silence, kıyamet sonrası bir dünyada geçiyor. Aksiyon sahneleriyle oyuncuları heyecanlandıran ve bazı açılardan <b>Dark Souls </b>serisine de benzeyen yapım, hayatta kalma öğeleri de içeriyor.</p><h2>Fade to Silence\'ın tam sürüme geçiyor</h2><p>Keşif yönünden zevkli olan <b>Fade to Silence</b>, buzla kaplanmış bir arazide geçiyor. Grafikleriyle de dikkat çeken oyun, <b>110 TL</b>\'ye satılıyor. PC platformun yanında konsol platformuna da geleceğini tahmin ettiğimiz Fade to Silence\'ın sistem gereksinimleri şu şekilde;</p><p>MİNİMUM:</p><p>64-bit işlemci ve işletim sistemi gerektirir<br>İşletim Sistemi: Windows 7/8/10 64bit<br>İşlemci: Intel Core i5-2400/AMD FX-8320 veya daha iyisi<br>Bellek: 8 GB RAM<br>Ekran Kartı: NVIDIA GeForce GTX 760 veya AMD Radeon R9 270 (2gb veya daha fazlası)<br>Depolama: 30 GB kullanılabilir alan</p><p>ÖNERİLEN:</p><p>64-bit işlemci ve işletim sistemi gerektirir<br>İşletim Sistemi: Windows 10 64bit<br>İşlemci: Intel Core i7-3770/AMD FX-8350 veya daha iyisi<br>Bellek: 12 GB RAM<br>Ekran Kartı: NVIDIA GeForce GTX 1060 veya AMD Radeon RX 480<br>Depolama: 30 GB kullanılabilir alan</p>', 1, '', '106275_640.jpg', '2019-03-18'),
(53, 1, 1, 3, 'Hayatta kalma oyunu Green Hell\'den erteleme haberi geldi', 'Yapımcı firma oyun motorunu değiştirdi ', '                                    <p><b>Green Hell</b> <b>2019 </b>yazına ertelendi. Daha önce<b> Dying Light</b> ve <b>Dead Island</b> projelerinde çalışmış geliştiricilerin kurduğu, Creepy Jar Studio tarafından geliştirilen hikaye odaklı hayatta kalma oyunu Green Hell\'den erteleme haberi geldi.&nbsp; 29 Ağustos 2018\'de Steam\'de erken erişime giren oyun grafikleri ve gerçekçi oynanış mekanikleri ile dikkat çekiyordu. Yapımcı firma yeni bir grafik motoruna geçtiklerini ve hikaye modunu daha fazla cilalamak istedikleri için oyunu ertelediklerini duyurdu.&nbsp;</p><h2>Hayatta kalma oyunu Green Hell\'in çıkış tarihi 2019 yazına ertelendi</h2><p>Yapımcı firma Steam üzerinden yayınladıkları blogda erteleme haberi ile ilgili olarak şu açıklamayı yaptı;&nbsp;</p><p>\"Desteğiniz için hepinize teşekkür ederek başlamak istiyoruz, Green Hell siz olmadan çok anlamsız olurdu. Şeffaflık adına,<b> Green Hell</b>\'in tamamını yayınlamak için fazladan zamana ihtiyacımız olduğunu bilmenizi isteriz. Daha iyi grafikler ve daha iyi bir deneyim sunmak için <b>Unity 2017</b>\'den<b> Unity 2018</b>\'e geçmeye karar verdik. Bu aynı zamanda hikaye modunun potansiyelini tam olarak anlamamıza, büyük bir harita genişletmesi eklemenize, yeni düşmanlar eklememize, geri bildirimlerinizi uygulamamıza ve daha pek çok şeye yardımcı olacak. Yeni çıkış tarihimiz <b>2019 Yaz.</b>\"</p>', 1, '', '106274_640.jpg', '2019-03-18'),
(54, 1, 16, 1, 'Sınav döneminde PUBG Mobil oynayan oyuncular tutuklanıyor', 'PUBG Mobil oynamak suç oldu! ', '                                    <p><b>PUBG Mobile</b> oynayan öğrenciler göz altına alınıyor. <b>Hindistan</b>\'da gerçekleşen olayda, <b>Rajkot </b>şehrinde sınav döneminde PUBG Mobile oynadıkları gerekçesiyle öğrenciler, Hint Polisi tarafından göz atlına alındı. Gucerat Eyaleti\'nin belirli yerlerinde oynaması yasak olan PUBG Mobile, <b>MOMO </b>ile birlikte gençlere kötü örnek olduğu gerekçesiyle yasaklı bulunuyor. Rajkot\'da gerçekleşen yasaklamanın ardından 10\'dan fazla kişinin PUBG Mobile oynadıkları gerekçesiyle göz altına alındıkları bildirildi.&nbsp;</p><h2>Sınav döneminde PUBG Mobil oynayan oyuncular tutuklanıyor</h2><p><b>The Indian Express</b>\'e konuşan polis komiseri Manoj Agrawal şu ana kadar toplam 12 davanın kayda geçirildiğini, tutuklanan şahısların yasaklara uymadıkları gerekçesiyle mahkemeye çıkartılacağını belirtti.&nbsp;&nbsp;Rajkot Özel Harekat Polisi, <b>The Indian Express</b>\'e dün polis merkezinin yakınında üç genç adamı tutukladığını söyledi. Polis, erkeklerin cep telefonlarını “soruşturma amacıyla” ele geçirdi. Tutuklananların kefaletle serbest bırakılma ihtimalleri de bulunuyor.&nbsp;</p><p><b>PUBG Mobile</b>\'ın&nbsp; Rajkot\'ta&nbsp; 9 ila 30 Mart tarihleri arasında yasaklı olarak kalacağı belirtiliyor.&nbsp; Akademik sınav döneminde uygulanan yasaklama sonucunda, öğrencilerin sınavlara konsantre olması sağlanmaya çalışılıyor. Ancak göz altına alınan öğrencilerin sınavlara nasıl hazırlanacakları ise merak konusu.&nbsp;</p><p></p><figure><img alt=\"Sınav döneminde PUBG Mobil oynayan oyuncular tutuklanıyor\" class=\"image\" src=\"https://www.merlininkazani.com/images/games/11778/Playerunknowns-Battlegrounds_39.jpg\"></figure><p></p>', 3, '', '106272_640.jpg', '2019-03-17'),
(55, 1, 1, 2, 'Total War: Three Kingdoms için sistem gereksinimleri yayınlandı', 'Oyun, bilgisayarınız için yeterli mi? ', '<p>Total War serisinini yeni oyunu <b>Total War: Three Kingdoms</b>\'ı bekleyen oyuncular için sistem gereksinimleri yayınlandı. PC platformunun gözde strateji serilerinden bir tanesi olan <b>Total</b> <b>War</b>, beklendiği gibi pek yüksek bir sistem istemeyecek. 23 Mayıs tarihinde çıkacak olan yapım, ertelenmeler yüzünden takipçilerini üzmüştü. Oyunun nihayet piyasaya çıkması, Total War serisine hayran oyuncuları mutlaka sevindirecek. Diğer bir yandan geliştirici ekibin Total War haricinde yeni bir FPS oyunu üzerinde de çalıştığını belirtelim.</p><h2>Total War: Three Kingdoms sistem gereksinimleri</h2><p>PC Minimum gereksinimler (Entegre)</p><p>İşletim sistemi: Windows 7 64 Bit<br>İşlemci: i7-8550U 1.80GHz<br>RAM: 6GB<br>Ekran kartı: Intel UHD Graphics 620</p><p>PC Minimum gereksinimler</p><p>İşletim sistemi: Windows 7 64 Bit<br>İşlemci: Intel Core 2 Duo 3.00Ghz<br>RAM: 4GB<br>Ekran kartı: GTX 650 Ti | HD 7850 1GB VRAM</p><p>PC Önerilen gereksinimler</p><p>İşletim sistemi: Windows 10 64 Bit<br>İşlemci: Intel i5-6600 | Ryzen 5 2600X<br>RAM: 8GB<br>Ekran kartı: GTX 970 | R9 Fury X 4GB VRAM</p><p>PC 60 FPS+ gereksinimleri</p>İşletim sistemi: Windows 10 64 Bit<br><p>İşlemci: Intel® Core™ Intel i7-8700K<br>RAM: 8GB<br>Video Card: NVIDIA GeForce GTX 1080 | NVIDIA GeForce RTX 2060</p>', 6, '', '106271_640.jpg', '2019-03-17');

-- --------------------------------------------------------

--
-- Tablo için tablo yapısı `kategoriler`
--

CREATE TABLE `kategoriler` (
  `kategori_id` int(11) NOT NULL,
  `ana_kategori_id` int(11) NOT NULL,
  `kategori_adi` varchar(64) NOT NULL,
  `kategori_perma` varchar(64) NOT NULL
) ENGINE=InnoDB DEFAULT CHARSET=utf8;

--
-- Tablo döküm verisi `kategoriler`
--

INSERT INTO `kategoriler` (`kategori_id`, `ana_kategori_id`, `kategori_adi`, `kategori_perma`) VALUES
(1, 1, 'Haber', 'haber'),
(2, 1, 'İnceleme/Özel İnceleme', 'inceleme-ozel-inceleme'),
(3, 1, 'Ön İncelemeler', 'on-incelemeler'),
(4, 1, 'Makale', 'makale'),
(5, 1, 'Tam Çözüm/Rehber', 'tam-cozum-rehber'),
(6, 1, 'Hile', 'hile'),
(7, 1, 'Röportaj', 'roportaj'),
(8, 1, 'Sizden Gelenler', 'sizden-gelenler'),
(9, 1, 'Video İnceleme', 'video-inceleme'),
(10, 2, 'E-Spor', 'e-spor'),
(11, 2, 'Provg', 'provg'),
(12, 2, 'E3', 'e3'),
(13, 2, 'Gamescom', 'gamescom'),
(14, 2, 'Gaming İstanbul', 'gaming-istanbul'),
(15, 2, 'Blizzcon', 'blizzcon'),
(16, 3, 'Teknoloji Haberleri', 'teknoloji-haberleri'),
(17, 3, 'Bilim Haberleri', 'bilim-haberleri'),
(18, 3, 'Ürün İnceleme', 'urun-inceleme'),
(19, 3, 'Oyuncu Aksesuarları', 'oyuncu-aksesuarlari'),
(20, 4, 'Sinema/TV - Haberler', 'sinema-tv-haberler'),
(21, 4, 'Sinema/TV - Kritik', 'sinema-tv-kritik'),
(22, 4, 'Müzik', 'muzik'),
(23, 4, 'Kitap', 'kitap'),
(24, 4, 'Anime/Manga', 'anime-manga'),
(25, 4, 'Hikayeler', 'hikayeler'),
(26, 5, 'Oyun', 'oyun'),
(27, 5, 'Sinema', 'sinema'),
(28, 5, 'Etkinlik', 'etkinlik'),
(29, 5, 'Teknoloji', 'teknoloji'),
(30, 5, 'Cosplay', 'cosplay'),
(31, 5, 'Bilim', 'bilim'),
(32, 5, 'Diğer', 'diger'),
(33, 6, 'MK TV', 'mk-tv'),
(34, 6, 'Blog', 'blog'),
(35, 6, 'Editör Arenası', 'editor-arenasi');

-- --------------------------------------------------------

--
-- Tablo için tablo yapısı `kullanici`
--

CREATE TABLE `kullanici` (
  `kullanici_id` int(11) NOT NULL,
  `kullanici_adi` varchar(50) NOT NULL,
  `kullanici_sifre` varchar(32) NOT NULL,
  `kullanici_ismi` varchar(40) NOT NULL,
  `kullanici_soyadi` varchar(40) NOT NULL,
  `kullanici_cep` varchar(11) NOT NULL,
  `kullanici_eposta` varchar(40) NOT NULL,
  `kullanici_dogumtar` varchar(15) NOT NULL,
  `resim_url` varchar(256) NOT NULL DEFAULT 'default.png',
  `admin` tinyint(4) DEFAULT NULL
) ENGINE=InnoDB DEFAULT CHARSET=utf8;

--
-- Tablo döküm verisi `kullanici`
--

INSERT INTO `kullanici` (`kullanici_id`, `kullanici_adi`, `kullanici_sifre`, `kullanici_ismi`, `kullanici_soyadi`, `kullanici_cep`, `kullanici_eposta`, `kullanici_dogumtar`, `resim_url`, `admin`) VALUES
(1, 'phlox', 'E10ADC3949BA59ABBE56E057F20F883E', 'Enis', 'Keskin', '5458755341', 'eniskeskin61@hotmail.com', '1997-05-23', '116194.jpg', 1),
(2, 'jumjum', '19b45778e78f3179340eaf44762034c1', 'Şeyma', 'keskin', 'jumjum61@ho', 'jumjum61@hotmail.com', '', 'default.png', NULL);

-- --------------------------------------------------------

--
-- Tablo için tablo yapısı `list`
--

CREATE TABLE `list` (
  `list_id` int(11) NOT NULL,
  `list_title` varchar(100) NOT NULL,
  `list_link` varchar(500) NOT NULL
) ENGINE=InnoDB DEFAULT CHARSET=utf8;

--
-- Tablo döküm verisi `list`
--

INSERT INTO `list` (`list_id`, `list_title`, `list_link`) VALUES
(1, 'Endüstri, 5G teknolojisi ile hızlanacak', 'http://www.technolabs.net/endustri-5g-teknolojisi-ile-hizlanacak'),
(2, 'BMW’nin Yeni Modelleri VR Deneyimi ile Meraklılarıyla Buluşuyor', 'http://www.technolabs.net/bmwnin-yeni-modelleri-vr-deneyimi-ile-meraklilariyla-bulusuyor'),
(3, 'Canlı yayın Fidye yazılımı yüzünden kesildi', 'http://www.technolabs.net/canli-yayin-fidye-yazilimi-yuzunden-kesildi'),
(4, 'Jaguar I PACE Dünyada Yılın Otomobili Ödülünü Kazandı', 'http://www.technolabs.net/jaguar-i-pace-dunyada-yilin-otomobili-odulunu-kazandi'),
(5, 'Hitit’in Pakistan Ofisi Açıldı', 'http://www.technolabs.net/hititin-pakistan-ofisi-acildi'),
(6, 'Rusya’da ilk kez bir robot haber sundu', 'http://www.technolabs.net/rusyada-ilk-kez-bir-robot-haber-sundu'),
(7, 'Audi ve Google\'ın Avengers Endgame reklamları harika görünüyor', 'http://www.technolabs.net/audi-ve-googlein-avengers-endgame-reklamlari-harika-gorunuyor'),
(8, 'Samsung Galaxy A60 resmi olarak tanıtıldı', 'http://www.technolabs.net/samsung-galaxy-a60-resmi-olarak-tanitildi'),
(9, 'Huawei Mate 20 Lite\'a Android 9 Güncellemesi yayımlandı', 'http://www.technolabs.net/huawei-mate-20-litea-android-9-guncellemesi-yayimlandi'),
(10, 'Samsung Galaxy Fold\'un üzerindeki koruyucu filmi asla çıkarmayın', 'http://www.technolabs.net/samsung-galaxy-foldun-uzerindeki-koruyucu-filmi-asla-cikarmayin');

-- --------------------------------------------------------

--
-- Tablo için tablo yapısı `ozel_kategoriler`
--

CREATE TABLE `ozel_kategoriler` (
  `ozel_kategori_id` int(11) NOT NULL,
  `ozel_kategori_ad` varchar(64) NOT NULL
) ENGINE=InnoDB DEFAULT CHARSET=utf8;

--
-- Tablo döküm verisi `ozel_kategoriler`
--

INSERT INTO `ozel_kategoriler` (`ozel_kategori_id`, `ozel_kategori_ad`) VALUES
(1, 'PC'),
(2, 'Monster Notebook'),
(3, 'PlayStation'),
(4, 'Xbox'),
(5, 'Mobil'),
(6, 'Nintendo'),
(7, 'Popüler Oyunlar'),
(8, 'Kod Dağıtımı');

-- --------------------------------------------------------

--
-- Tablo için tablo yapısı `yorum`
--

CREATE TABLE `yorum` (
  `yorum_id` int(11) NOT NULL,
  `ust_yorum_id` int(11) NOT NULL DEFAULT '0',
  `icerik_yor_id` int(11) NOT NULL,
  `icerik_id` int(11) NOT NULL,
  `yor_kul_id` int(11) NOT NULL,
  `yorum` varchar(2000) NOT NULL,
  `yorum_tarih` varchar(40) NOT NULL
) ENGINE=InnoDB DEFAULT CHARSET=utf8;

--
-- Tablo döküm verisi `yorum`
--

INSERT INTO `yorum` (`yorum_id`, `ust_yorum_id`, `icerik_yor_id`, `icerik_id`, `yor_kul_id`, `yorum`, `yorum_tarih`) VALUES
(1, 0, 1, 30, 1, 'naber.', '15.04.2019 20:52:42'),
(2, 1, 1, 30, 1, 'iyi senden', '15.04.2019 20:53:11'),
(3, 0, 1, 12, 1, 'merhaba...', '15.04.2019 20:52:42'),
(5, 0, 1, 32, 1, 'eeee', '15.04.2019 22:14:41'),
(18, 0, 2, 32, 1, 'eeee', '15.04.2019 22:22:24'),
(19, 0, 1, 11, 1, 'enis', '15.04.2019 22:23:45'),
(28, 0, 2, 11, 1, '33', '15.04.2019 23:19:29'),
(29, 0, 3, 11, 1, '33', '15.04.2019 23:19:45'),
(30, 0, 4, 11, 1, '33', '15.04.2019 23:19:49'),
(32, 1, 2, 11, 1, 'asdsadsad', '15.04.2019 23:42:25'),
(33, 2, 2, 11, 1, 'asdas', '15.04.2019 23:44:57'),
(34, 3, 2, 11, 1, 'asdas', '15.04.2019 23:45:18'),
(35, 4, 2, 11, 1, 'asdas', '15.04.2019 23:45:20'),
(36, 0, 1, 18, 1, 'Enis', '15.04.2019 23:45:35'),
(37, 1, 1, 18, 1, 'Keskin', '15.04.2019 23:45:41'),
(38, 2, 1, 18, 1, 'Ben', '15.04.2019 23:45:47'),
(44, 0, 8, 32, 2, 'eeee', '17.04.2019 14:19:07'),
(45, 0, 9, 32, 2, 'eeee', '17.04.2019 14:19:10'),
(46, 0, 10, 32, 2, 'mrk', '17.04.2019 14:22:34'),
(47, 0, 1, 14, 2, 'yuıg', '17.04.2019 14:22:56'),
(48, 0, 2, 14, 2, 'yuıg', '17.04.2019 14:23:00'),
(49, 1, 8, 32, 2, 'asdads', '17.04.2019 14:23:54'),
(50, 1, 1, 32, 2, 'asddas', '17.04.2019 14:32:32'),
(51, 0, 1, 31, 1, 'naber  yaaa', '18.04.2019 09:29:15'),
(52, 1, 1, 31, 1, 'iyi senden naber', '18.04.2019 09:29:24'),
(53, 2, 1, 31, 1, 'iyi emmi oğlu', '18.04.2019 09:29:40'),
(54, 1, 2, 32, 2, 'neee', '18.04.2019 09:30:14'),
(55, 0, 1, 16, 2, 'ahmet bey', '18.04.2019 13:47:01'),
(56, 1, 1, 16, 2, 'nasılsınız', '18.04.2019 13:47:09'),
(57, 2, 1, 16, 2, 'asdasd', '18.04.2019 13:47:16'),
(58, 3, 1, 16, 2, 'asdasd', '18.04.2019 13:50:04'),
(59, 0, 6, 32, 2, 'asdas', '19.04.2019 10:37:33'),
(60, 0, 7, 32, 2, 'aaaaa', '21.04.2019 10:26:12'),
(61, 2, 2, 32, 2, 'eeee', '21.04.2019 10:26:21'),
(62, 3, 2, 32, 2, 'zaten', '22.04.2019 11:11:23'),
(63, 0, 8, 32, 2, 'merhaba', '22.04.2019 11:11:33'),
(64, 2, 8, 32, 2, 'yakışıklı', '22.04.2019 11:11:53'),
(65, 0, 9, 32, 2, 'spdfdjposd', '22.04.2019 11:12:09'),
(66, 0, 10, 32, 2, 'merhaba', '22.04.2019 11:12:25'),
(67, 0, 11, 32, 2, '77', '22.04.2019 12:03:35'),
(68, 2, 1, 32, 2, 'aa', '25.04.2019 17:53:38');

--
-- Dökümü yapılmış tablolar için indeksler
--

--
-- Tablo için indeksler `alt_kategori`
--
ALTER TABLE `alt_kategori`
  ADD PRIMARY KEY (`alt_kategori_id`);

--
-- Tablo için indeksler `ana_kategori`
--
ALTER TABLE `ana_kategori`
  ADD PRIMARY KEY (`ana_kategori_id`);

--
-- Tablo için indeksler `anket`
--
ALTER TABLE `anket`
  ADD PRIMARY KEY (`anket_id`);

--
-- Tablo için indeksler `anket_cevap`
--
ALTER TABLE `anket_cevap`
  ADD PRIMARY KEY (`cvp_id`);

--
-- Tablo için indeksler `anket_kul`
--
ALTER TABLE `anket_kul`
  ADD PRIMARY KEY (`anket_kul_id`);

--
-- Tablo için indeksler `begeniler`
--
ALTER TABLE `begeniler`
  ADD PRIMARY KEY (`beg_id`);

--
-- Tablo için indeksler `etiket`
--
ALTER TABLE `etiket`
  ADD PRIMARY KEY (`etiket_id`);

--
-- Tablo için indeksler `icerik`
--
ALTER TABLE `icerik`
  ADD PRIMARY KEY (`konu_id`);

--
-- Tablo için indeksler `kategoriler`
--
ALTER TABLE `kategoriler`
  ADD PRIMARY KEY (`kategori_id`);

--
-- Tablo için indeksler `kullanici`
--
ALTER TABLE `kullanici`
  ADD PRIMARY KEY (`kullanici_id`);

--
-- Tablo için indeksler `list`
--
ALTER TABLE `list`
  ADD PRIMARY KEY (`list_id`);

--
-- Tablo için indeksler `ozel_kategoriler`
--
ALTER TABLE `ozel_kategoriler`
  ADD PRIMARY KEY (`ozel_kategori_id`);

--
-- Tablo için indeksler `yorum`
--
ALTER TABLE `yorum`
  ADD PRIMARY KEY (`yorum_id`);

--
-- Dökümü yapılmış tablolar için AUTO_INCREMENT değeri
--

--
-- Tablo için AUTO_INCREMENT değeri `alt_kategori`
--
ALTER TABLE `alt_kategori`
  MODIFY `alt_kategori_id` int(11) NOT NULL AUTO_INCREMENT;

--
-- Tablo için AUTO_INCREMENT değeri `ana_kategori`
--
ALTER TABLE `ana_kategori`
  MODIFY `ana_kategori_id` int(11) NOT NULL AUTO_INCREMENT, AUTO_INCREMENT=7;

--
-- Tablo için AUTO_INCREMENT değeri `anket`
--
ALTER TABLE `anket`
  MODIFY `anket_id` int(11) NOT NULL AUTO_INCREMENT, AUTO_INCREMENT=2;

--
-- Tablo için AUTO_INCREMENT değeri `anket_cevap`
--
ALTER TABLE `anket_cevap`
  MODIFY `cvp_id` int(11) NOT NULL AUTO_INCREMENT, AUTO_INCREMENT=3;

--
-- Tablo için AUTO_INCREMENT değeri `anket_kul`
--
ALTER TABLE `anket_kul`
  MODIFY `anket_kul_id` int(11) NOT NULL AUTO_INCREMENT, AUTO_INCREMENT=2;

--
-- Tablo için AUTO_INCREMENT değeri `begeniler`
--
ALTER TABLE `begeniler`
  MODIFY `beg_id` int(11) NOT NULL AUTO_INCREMENT, AUTO_INCREMENT=42;

--
-- Tablo için AUTO_INCREMENT değeri `etiket`
--
ALTER TABLE `etiket`
  MODIFY `etiket_id` int(11) NOT NULL AUTO_INCREMENT, AUTO_INCREMENT=6;

--
-- Tablo için AUTO_INCREMENT değeri `icerik`
--
ALTER TABLE `icerik`
  MODIFY `konu_id` int(11) NOT NULL AUTO_INCREMENT, AUTO_INCREMENT=56;

--
-- Tablo için AUTO_INCREMENT değeri `kategoriler`
--
ALTER TABLE `kategoriler`
  MODIFY `kategori_id` int(11) NOT NULL AUTO_INCREMENT, AUTO_INCREMENT=36;

--
-- Tablo için AUTO_INCREMENT değeri `kullanici`
--
ALTER TABLE `kullanici`
  MODIFY `kullanici_id` int(11) NOT NULL AUTO_INCREMENT, AUTO_INCREMENT=3;

--
-- Tablo için AUTO_INCREMENT değeri `list`
--
ALTER TABLE `list`
  MODIFY `list_id` int(11) NOT NULL AUTO_INCREMENT, AUTO_INCREMENT=11;

--
-- Tablo için AUTO_INCREMENT değeri `ozel_kategoriler`
--
ALTER TABLE `ozel_kategoriler`
  MODIFY `ozel_kategori_id` int(11) NOT NULL AUTO_INCREMENT, AUTO_INCREMENT=9;

--
-- Tablo için AUTO_INCREMENT değeri `yorum`
--
ALTER TABLE `yorum`
  MODIFY `yorum_id` int(11) NOT NULL AUTO_INCREMENT, AUTO_INCREMENT=69;
COMMIT;

/*!40101 SET CHARACTER_SET_CLIENT=@OLD_CHARACTER_SET_CLIENT */;
/*!40101 SET CHARACTER_SET_RESULTS=@OLD_CHARACTER_SET_RESULTS */;
/*!40101 SET COLLATION_CONNECTION=@OLD_COLLATION_CONNECTION */;
